promo_id,promo_name,start_date,end_date,discount_percent
1,Promo-0001,2025-04-10,2025-05-02,20
2,Promo-0002,2024-06-19,2024-07-07,20
3,Promo-0003,2024-05-31,2024-06-25,25
4,Promo-0004,2025-04-27,2025-05-17,20
5,Promo-0005,2024-10-28,2024-11-17,20
6,Promo-0006,2024-08-27,2024-09-19,5
7,Promo-0007,2024-05-15,2024-06-12,10
8,Promo-0008,2025-05-03,2025-05-13,20
9,Promo-0009,2024-05-01,2024-05-27,10
10,Promo-0010,2024-06-08,2024-06-21,5
11,Promo-0011,2024-09-27,2024-10-07,25
12,Promo-0012,2024-11-10,2024-11-18,15
13,Promo-0013,2024-09-01,2024-09-19,25
14,Promo-0014,2024-08-24,2024-09-01,15
15,Promo-0015,2024-06-18,2024-06-30,5
16,Promo-0016,2024-03-19,2024-04-15,15
17,Promo-0017,2024-10-19,2024-11-01,5
18,Promo-0018,2025-01-18,2025-02-06,20
19,Promo-0019,2024-11-05,2024-11-22,10
20,Promo-0020,2024-07-15,2024-08-07,15
21,Promo-0021,2025-05-24,2025-06-23,15
22,Promo-0022,2024-07-28,2024-08-17,12.5
23,Promo-0023,2024-06-12,2024-06-26,10
24,Promo-0024,2025-01-25,2025-02-11,25
25,Promo-0025,2024-06-15,2024-07-12,15
26,Promo-0026,2025-05-05,2025-05-17,12.5
27,Promo-0027,2025-05-01,2025-05-22,15
28,Promo-0028,2024-01-29,2024-02-03,15
29,Promo-0029,2025-05-14,2025-06-05,10
30,Promo-0030,2024-10-14,2024-10-17,20
31,Promo-0031,2024-03-25,2024-03-29,15
32,Promo-0032,2025-02-26,2025-03-25,10
33,Promo-0033,2024-07-28,2024-08-22,25
34,Promo-0034,2024-10-01,2024-10-23,10
35,Promo-0035,2024-04-27,2024-05-20,10
36,Promo-0036,2024-12-25,2025-01-19,20
37,Promo-0037,2024-10-05,2024-10-15,5
38,Promo-0038,2024-02-11,2024-02-22,5
39,Promo-0039,2024-06-16,2024-06-30,15
40,Promo-0040,2024-08-22,2024-09-03,10
41,Promo-0041,2024-05-19,2024-05-28,15
42,Promo-0042,2024-01-11,2024-02-06,5
43,Promo-0043,2024-02-19,2024-02-27,15
44,Promo-0044,2024-12-05,2024-12-15,10
45,Promo-0045,2024-05-03,2024-05-20,20
46,Promo-0046,2024-07-11,2024-07-23,25
47,Promo-0047,2025-03-26,2025-04-08,15
48,Promo-0048,2024-11-03,2024-11-12,20
49,Promo-0049,2024-11-19,2024-12-11,15
50,Promo-0050,2025-05-11,2025-06-01,20
51,Promo-0051,2025-04-19,2025-05-13,12.5
52,Promo-0052,2024-09-06,2024-09-25,10
53,Promo-0053,2024-02-04,2024-02-18,25
54,Promo-0054,2024-08-26,2024-09-13,20
55,Promo-0055,2024-01-21,2024-02-08,15
56,Promo-0056,2024-04-10,2024-04-15,12.5
57,Promo-0057,2025-03-29,2025-04-23,12.5
58,Promo-0058,2025-02-06,2025-02-12,25
59,Promo-0059,2024-06-22,2024-07-20,12.5
60,Promo-0060,2024-04-23,2024-05-23,25
61,Promo-0061,2024-11-11,2024-12-09,20
62,Promo-0062,2025-04-01,2025-04-18,10
63,Promo-0063,2024-06-10,2024-06-28,10
64,Promo-0064,2024-07-28,2024-08-27,12.5
65,Promo-0065,2024-02-08,2024-02-27,20
66,Promo-0066,2024-06-20,2024-07-04,5
67,Promo-0067,2024-05-26,2024-06-06,12.5
68,Promo-0068,2024-10-11,2024-11-05,15
69,Promo-0069,2025-05-10,2025-06-05,15
70,Promo-0070,2025-03-18,2025-03-23,10
71,Promo-0071,2024-02-19,2024-03-17,5
72,Promo-0072,2024-05-16,2024-05-21,25
73,Promo-0073,2024-07-03,2024-07-27,15
74,Promo-0074,2024-07-24,2024-08-08,5
75,Promo-0075,2024-05-17,2024-06-06,25
76,Promo-0076,2024-02-22,2024-03-22,20
77,Promo-0077,2024-06-09,2024-07-07,12.5
78,Promo-0078,2024-12-10,2024-12-30,25
79,Promo-0079,2025-02-28,2025-03-30,5
80,Promo-0080,2024-07-22,2024-08-21,5
81,Promo-0081,2025-01-11,2025-02-05,10
82,Promo-0082,2025-05-03,2025-05-07,12.5
83,Promo-0083,2024-06-28,2024-07-05,12.5
84,Promo-0084,2025-05-29,2025-06-13,20
85,Promo-0085,2025-04-20,2025-04-25,15
86,Promo-0086,2025-04-28,2025-05-02,12.5
87,Promo-0087,2025-02-12,2025-02-26,10
88,Promo-0088,2025-04-01,2025-04-26,25
89,Promo-0089,2024-06-06,2024-06-23,12.5
90,Promo-0090,2024-12-13,2025-01-06,10
91,Promo-0091,2024-09-30,2024-10-15,5
92,Promo-0092,2025-02-16,2025-02-22,12.5
93,Promo-0093,2024-08-08,2024-08-31,12.5
94,Promo-0094,2024-09-29,2024-10-02,15
95,Promo-0095,2024-09-12,2024-09-30,25
96,Promo-0096,2024-06-09,2024-06-28,5
97,Promo-0097,2025-03-21,2025-04-13,15
98,Promo-0098,2024-07-11,2024-08-10,15
99,Promo-0099,2024-08-05,2024-08-17,10
100,Promo-0100,2024-04-20,2024-05-12,15
101,Promo-0101,2024-01-13,2024-01-31,20
102,Promo-0102,2024-08-27,2024-09-04,25
103,Promo-0103,2024-09-05,2024-09-09,12.5
104,Promo-0104,2025-01-30,2025-02-12,20
105,Promo-0105,2024-12-31,2025-01-15,5
106,Promo-0106,2025-04-05,2025-05-01,5
107,Promo-0107,2025-02-13,2025-02-22,25
108,Promo-0108,2024-08-04,2024-09-02,10
109,Promo-0109,2024-05-15,2024-05-29,5
110,Promo-0110,2025-05-04,2025-05-22,12.5
111,Promo-0111,2024-06-29,2024-07-18,25
112,Promo-0112,2024-07-03,2024-07-08,25
113,Promo-0113,2024-02-06,2024-02-26,15
114,Promo-0114,2025-05-11,2025-05-19,12.5
115,Promo-0115,2024-06-05,2024-06-14,12.5
116,Promo-0116,2024-06-22,2024-06-28,5
117,Promo-0117,2024-06-10,2024-06-20,20
118,Promo-0118,2024-03-17,2024-04-04,15
119,Promo-0119,2024-09-04,2024-09-08,5
120,Promo-0120,2024-08-22,2024-09-16,10
121,Promo-0121,2024-04-04,2024-04-15,15
122,Promo-0122,2024-06-02,2024-06-20,10
123,Promo-0123,2024-05-04,2024-05-25,20
124,Promo-0124,2025-03-09,2025-03-21,25
125,Promo-0125,2025-04-12,2025-05-02,12.5
126,Promo-0126,2025-03-12,2025-03-28,15
127,Promo-0127,2024-02-28,2024-03-10,20
128,Promo-0128,2025-04-17,2025-05-14,25
129,Promo-0129,2024-02-22,2024-03-10,25
130,Promo-0130,2025-04-16,2025-04-26,10
131,Promo-0131,2025-05-04,2025-05-21,20
132,Promo-0132,2024-09-10,2024-09-30,5
133,Promo-0133,2024-07-27,2024-07-30,25
134,Promo-0134,2024-10-09,2024-10-17,12.5
135,Promo-0135,2024-09-26,2024-10-24,12.5
136,Promo-0136,2024-03-26,2024-04-08,5
137,Promo-0137,2024-09-09,2024-10-02,25
138,Promo-0138,2025-01-26,2025-02-20,25
139,Promo-0139,2025-03-18,2025-04-01,20
140,Promo-0140,2024-01-17,2024-02-01,15
141,Promo-0141,2024-01-31,2024-02-17,12.5
142,Promo-0142,2024-04-25,2024-05-04,15
143,Promo-0143,2025-03-30,2025-04-10,25
144,Promo-0144,2024-10-02,2024-10-27,12.5
145,Promo-0145,2024-03-22,2024-04-11,10
146,Promo-0146,2024-03-14,2024-03-22,10
147,Promo-0147,2024-02-03,2024-02-27,25
148,Promo-0148,2024-06-06,2024-06-18,20
149,Promo-0149,2024-07-14,2024-08-13,5
150,Promo-0150,2024-05-25,2024-06-15,15
151,Promo-0151,2025-02-23,2025-03-01,15
152,Promo-0152,2024-04-13,2024-04-27,12.5
153,Promo-0153,2025-05-04,2025-05-10,15
154,Promo-0154,2024-09-02,2024-09-28,5
155,Promo-0155,2024-04-18,2024-04-26,15
156,Promo-0156,2024-04-24,2024-05-07,20
157,Promo-0157,2024-08-28,2024-09-24,25
158,Promo-0158,2024-03-23,2024-04-18,10
159,Promo-0159,2024-04-20,2024-05-06,25
160,Promo-0160,2024-06-29,2024-07-28,15
161,Promo-0161,2024-03-15,2024-04-06,25
162,Promo-0162,2024-02-05,2024-02-10,20
163,Promo-0163,2025-01-21,2025-02-06,15
164,Promo-0164,2024-08-08,2024-08-24,5
165,Promo-0165,2024-10-01,2024-10-22,20
166,Promo-0166,2024-08-28,2024-09-17,25
167,Promo-0167,2024-06-03,2024-06-20,5
168,Promo-0168,2025-03-29,2025-04-06,10
169,Promo-0169,2024-09-24,2024-10-17,15
170,Promo-0170,2025-04-06,2025-04-13,15
171,Promo-0171,2025-03-02,2025-04-01,12.5
172,Promo-0172,2025-04-17,2025-04-23,15
173,Promo-0173,2024-12-08,2025-01-07,12.5
174,Promo-0174,2024-03-01,2024-03-21,5
175,Promo-0175,2024-06-08,2024-06-20,5
176,Promo-0176,2025-04-28,2025-05-13,25
177,Promo-0177,2024-04-23,2024-05-23,12.5
178,Promo-0178,2024-09-04,2024-10-02,15
179,Promo-0179,2025-05-07,2025-06-04,15
180,Promo-0180,2024-12-15,2024-12-22,25
181,Promo-0181,2025-01-17,2025-02-04,5
182,Promo-0182,2025-01-30,2025-02-09,5
183,Promo-0183,2024-08-16,2024-09-11,5
184,Promo-0184,2024-10-21,2024-11-20,25
185,Promo-0185,2025-05-13,2025-05-17,10
186,Promo-0186,2025-01-18,2025-01-30,12.5
187,Promo-0187,2024-10-02,2024-10-20,10
188,Promo-0188,2024-07-13,2024-08-12,10
189,Promo-0189,2024-07-13,2024-07-31,25
190,Promo-0190,2025-01-27,2025-02-03,12.5
191,Promo-0191,2024-01-17,2024-02-07,10
192,Promo-0192,2025-05-17,2025-06-10,12.5
193,Promo-0193,2024-06-08,2024-07-01,15
194,Promo-0194,2024-11-29,2024-12-18,25
195,Promo-0195,2025-03-04,2025-03-31,5
196,Promo-0196,2025-03-14,2025-03-28,10
197,Promo-0197,2025-01-01,2025-01-11,15
198,Promo-0198,2024-10-29,2024-11-19,5
199,Promo-0199,2025-03-03,2025-03-12,25
200,Promo-0200,2024-01-18,2024-01-28,20
201,Promo-0201,2025-05-13,2025-06-07,5
202,Promo-0202,2024-01-23,2024-01-28,25
203,Promo-0203,2025-03-06,2025-04-01,12.5
204,Promo-0204,2025-02-11,2025-03-07,5
205,Promo-0205,2024-10-07,2024-10-18,10
206,Promo-0206,2025-01-12,2025-01-28,25
207,Promo-0207,2025-05-12,2025-06-11,20
208,Promo-0208,2025-02-08,2025-02-15,20
209,Promo-0209,2025-01-07,2025-01-21,5
210,Promo-0210,2024-08-13,2024-09-06,15
211,Promo-0211,2024-07-25,2024-08-23,5
212,Promo-0212,2024-06-26,2024-07-25,15
213,Promo-0213,2024-12-30,2025-01-09,20
214,Promo-0214,2024-12-19,2025-01-07,20
215,Promo-0215,2025-01-20,2025-02-12,20
216,Promo-0216,2025-03-01,2025-03-17,10
217,Promo-0217,2024-01-18,2024-02-06,10
218,Promo-0218,2024-09-26,2024-10-06,10
219,Promo-0219,2025-03-09,2025-03-28,5
220,Promo-0220,2025-02-25,2025-03-10,12.5
221,Promo-0221,2025-03-31,2025-04-27,25
222,Promo-0222,2024-10-10,2024-11-02,15
223,Promo-0223,2024-08-26,2024-09-25,20
224,Promo-0224,2024-03-04,2024-03-10,25
225,Promo-0225,2025-02-24,2025-03-06,12.5
226,Promo-0226,2024-04-24,2024-05-24,10
227,Promo-0227,2024-03-18,2024-03-26,5
228,Promo-0228,2024-04-17,2024-05-16,25
229,Promo-0229,2024-06-08,2024-07-05,12.5
230,Promo-0230,2025-01-05,2025-02-02,10
231,Promo-0231,2024-02-07,2024-03-04,12.5
232,Promo-0232,2024-11-03,2024-11-24,10
233,Promo-0233,2024-04-10,2024-05-02,15
234,Promo-0234,2024-06-30,2024-07-14,25
235,Promo-0235,2024-07-19,2024-07-22,15
236,Promo-0236,2024-07-25,2024-07-31,25
237,Promo-0237,2024-03-03,2024-03-16,12.5
238,Promo-0238,2024-06-12,2024-07-05,12.5
239,Promo-0239,2024-06-02,2024-07-02,25
240,Promo-0240,2025-03-11,2025-03-28,15
241,Promo-0241,2024-01-23,2024-02-22,12.5
242,Promo-0242,2024-11-16,2024-11-21,15
243,Promo-0243,2024-05-07,2024-05-17,15
244,Promo-0244,2024-12-15,2025-01-02,25
245,Promo-0245,2024-11-08,2024-11-28,5
246,Promo-0246,2025-01-08,2025-02-05,15
247,Promo-0247,2024-07-28,2024-08-08,20
248,Promo-0248,2024-09-24,2024-10-14,15
249,Promo-0249,2024-01-21,2024-01-28,5
250,Promo-0250,2024-07-23,2024-08-16,25
251,Promo-0251,2024-08-09,2024-08-26,15
252,Promo-0252,2024-12-11,2025-01-06,20
253,Promo-0253,2024-03-03,2024-03-10,5
254,Promo-0254,2025-03-25,2025-04-04,5
255,Promo-0255,2024-08-30,2024-09-08,20
256,Promo-0256,2025-05-19,2025-06-12,20
257,Promo-0257,2024-07-11,2024-07-24,25
258,Promo-0258,2024-07-15,2024-08-13,12.5
259,Promo-0259,2024-12-04,2024-12-10,10
260,Promo-0260,2024-12-19,2025-01-17,15
261,Promo-0261,2024-01-23,2024-01-27,10
262,Promo-0262,2024-04-28,2024-05-07,20
263,Promo-0263,2025-03-15,2025-03-24,12.5
264,Promo-0264,2024-11-25,2024-12-19,15
265,Promo-0265,2025-01-26,2025-02-13,12.5
266,Promo-0266,2024-07-22,2024-08-02,12.5
267,Promo-0267,2024-08-28,2024-09-07,20
268,Promo-0268,2024-05-07,2024-06-03,25
269,Promo-0269,2024-03-12,2024-03-20,20
270,Promo-0270,2024-07-24,2024-08-19,15
271,Promo-0271,2024-04-04,2024-04-07,20
272,Promo-0272,2024-07-05,2024-07-19,10
273,Promo-0273,2024-02-27,2024-03-09,10
274,Promo-0274,2024-01-07,2024-01-23,12.5
275,Promo-0275,2024-07-18,2024-07-28,5
276,Promo-0276,2024-07-14,2024-08-09,20
277,Promo-0277,2024-01-17,2024-02-13,5
278,Promo-0278,2024-05-01,2024-05-28,15
279,Promo-0279,2024-10-07,2024-11-03,10
280,Promo-0280,2024-12-15,2024-12-30,10
281,Promo-0281,2024-04-24,2024-05-17,20
282,Promo-0282,2025-04-08,2025-04-18,15
283,Promo-0283,2024-04-02,2024-04-24,15
284,Promo-0284,2024-11-29,2024-12-04,12.5
285,Promo-0285,2025-01-14,2025-02-13,5
286,Promo-0286,2025-02-25,2025-03-01,20
287,Promo-0287,2024-04-21,2024-05-02,10
288,Promo-0288,2025-01-01,2025-01-29,5
289,Promo-0289,2024-04-14,2024-05-03,20
290,Promo-0290,2024-12-14,2024-12-29,25
291,Promo-0291,2025-04-29,2025-05-29,12.5
292,Promo-0292,2025-04-20,2025-05-15,5
293,Promo-0293,2024-08-06,2024-09-02,15
294,Promo-0294,2024-08-21,2024-09-14,25
295,Promo-0295,2025-01-10,2025-01-16,20
296,Promo-0296,2024-02-02,2024-02-07,5
297,Promo-0297,2024-08-12,2024-08-17,25
298,Promo-0298,2024-07-08,2024-08-01,10
299,Promo-0299,2025-01-21,2025-01-31,5
300,Promo-0300,2024-11-15,2024-11-21,12.5
301,Promo-0301,2024-05-17,2024-05-21,15
302,Promo-0302,2025-05-07,2025-05-21,5
303,Promo-0303,2024-10-05,2024-10-29,20
304,Promo-0304,2024-01-16,2024-02-08,12.5
305,Promo-0305,2025-02-05,2025-03-01,12.5
306,Promo-0306,2024-01-21,2024-01-31,10
307,Promo-0307,2025-02-14,2025-02-20,10
308,Promo-0308,2024-03-19,2024-04-09,12.5
309,Promo-0309,2024-10-18,2024-11-16,25
310,Promo-0310,2025-03-28,2025-04-19,20
311,Promo-0311,2024-09-17,2024-09-21,20
312,Promo-0312,2024-05-01,2024-05-19,5
313,Promo-0313,2024-12-29,2025-01-13,20
314,Promo-0314,2024-01-26,2024-02-02,5
315,Promo-0315,2025-04-26,2025-05-06,15
316,Promo-0316,2025-05-25,2025-06-22,5
317,Promo-0317,2025-02-03,2025-02-22,12.5
318,Promo-0318,2025-01-21,2025-01-26,10
319,Promo-0319,2024-11-24,2024-12-10,10
320,Promo-0320,2024-02-14,2024-03-02,5
321,Promo-0321,2024-10-21,2024-10-28,15
322,Promo-0322,2024-08-18,2024-09-01,20
323,Promo-0323,2025-03-06,2025-03-16,25
324,Promo-0324,2025-04-04,2025-04-24,12.5
325,Promo-0325,2024-09-03,2024-09-16,5
326,Promo-0326,2024-03-06,2024-03-11,20
327,Promo-0327,2025-02-12,2025-02-18,25
328,Promo-0328,2024-12-25,2024-12-29,5
329,Promo-0329,2025-02-03,2025-02-08,15
330,Promo-0330,2024-05-15,2024-05-23,20
331,Promo-0331,2024-10-20,2024-11-16,20
332,Promo-0332,2024-06-28,2024-07-28,10
333,Promo-0333,2025-03-04,2025-03-11,20
334,Promo-0334,2025-05-24,2025-06-12,25
335,Promo-0335,2024-10-30,2024-11-11,5
336,Promo-0336,2024-05-30,2024-06-21,12.5
337,Promo-0337,2024-06-21,2024-07-09,20
338,Promo-0338,2025-05-11,2025-05-24,15
339,Promo-0339,2025-04-24,2025-05-17,5
340,Promo-0340,2024-06-30,2024-07-11,12.5
341,Promo-0341,2024-12-26,2025-01-14,20
342,Promo-0342,2025-01-12,2025-02-01,10
343,Promo-0343,2024-04-03,2024-04-24,25
344,Promo-0344,2024-04-18,2024-05-05,5
345,Promo-0345,2024-10-28,2024-11-03,5
346,Promo-0346,2025-01-10,2025-02-03,20
347,Promo-0347,2024-06-27,2024-07-10,15
348,Promo-0348,2025-01-16,2025-01-22,25
349,Promo-0349,2025-01-04,2025-01-22,10
350,Promo-0350,2025-01-13,2025-01-16,25
351,Promo-0351,2024-07-12,2024-07-15,10
352,Promo-0352,2024-03-02,2024-03-28,15
353,Promo-0353,2025-01-22,2025-02-16,15
354,Promo-0354,2025-03-23,2025-04-08,15
355,Promo-0355,2024-06-18,2024-07-10,20
356,Promo-0356,2025-05-10,2025-05-26,25
357,Promo-0357,2024-04-13,2024-04-29,5
358,Promo-0358,2024-02-08,2024-02-11,15
359,Promo-0359,2024-03-03,2024-03-28,12.5
360,Promo-0360,2024-10-16,2024-11-08,5
361,Promo-0361,2025-03-05,2025-03-17,10
362,Promo-0362,2025-05-17,2025-06-05,5
363,Promo-0363,2024-02-28,2024-03-07,25
364,Promo-0364,2025-04-01,2025-04-22,12.5
365,Promo-0365,2024-08-28,2024-09-06,12.5
366,Promo-0366,2024-01-14,2024-01-28,5
367,Promo-0367,2025-02-15,2025-03-10,25
368,Promo-0368,2024-03-04,2024-03-27,12.5
369,Promo-0369,2024-10-13,2024-10-26,12.5
370,Promo-0370,2024-03-09,2024-04-05,25
371,Promo-0371,2024-01-28,2024-02-13,10
372,Promo-0372,2025-01-10,2025-01-30,25
373,Promo-0373,2024-12-05,2024-12-24,12.5
374,Promo-0374,2024-01-23,2024-02-17,20
375,Promo-0375,2024-05-13,2024-05-17,10
376,Promo-0376,2024-12-19,2024-12-27,20
377,Promo-0377,2025-02-18,2025-03-07,20
378,Promo-0378,2024-03-12,2024-04-05,5
379,Promo-0379,2024-05-14,2024-05-24,15
380,Promo-0380,2024-03-10,2024-03-14,5
381,Promo-0381,2024-11-20,2024-12-05,20
382,Promo-0382,2024-02-06,2024-02-27,5
383,Promo-0383,2025-06-01,2025-06-09,20
384,Promo-0384,2025-03-31,2025-04-12,12.5
385,Promo-0385,2024-10-09,2024-10-19,5
386,Promo-0386,2024-11-05,2024-11-20,10
387,Promo-0387,2025-05-26,2025-06-01,10
388,Promo-0388,2025-01-06,2025-01-10,5
389,Promo-0389,2024-12-17,2024-12-31,12.5
390,Promo-0390,2024-05-19,2024-06-18,25
391,Promo-0391,2025-03-13,2025-04-11,20
392,Promo-0392,2024-10-15,2024-10-22,15
393,Promo-0393,2024-05-08,2024-06-01,10
394,Promo-0394,2024-06-25,2024-07-01,5
395,Promo-0395,2025-04-27,2025-05-16,5
396,Promo-0396,2024-05-15,2024-05-31,12.5
397,Promo-0397,2025-01-06,2025-01-23,10
398,Promo-0398,2025-03-27,2025-04-23,25
399,Promo-0399,2024-02-20,2024-03-04,20
400,Promo-0400,2024-05-13,2024-05-23,25
401,Promo-0401,2025-01-29,2025-02-19,25
402,Promo-0402,2024-07-06,2024-07-21,25
403,Promo-0403,2024-06-13,2024-07-06,12.5
404,Promo-0404,2024-10-14,2024-10-30,5
405,Promo-0405,2024-12-20,2025-01-17,5
406,Promo-0406,2024-04-23,2024-05-09,10
407,Promo-0407,2024-07-08,2024-08-06,20
408,Promo-0408,2024-01-18,2024-02-16,5
409,Promo-0409,2024-03-17,2024-03-28,20
410,Promo-0410,2025-05-09,2025-05-15,10
411,Promo-0411,2024-01-20,2024-01-25,20
412,Promo-0412,2024-10-07,2024-11-01,10
413,Promo-0413,2024-02-10,2024-02-20,15
414,Promo-0414,2024-09-27,2024-10-07,20
415,Promo-0415,2024-10-03,2024-10-12,15
416,Promo-0416,2025-01-07,2025-01-10,25
417,Promo-0417,2024-11-10,2024-11-28,20
418,Promo-0418,2025-02-08,2025-02-15,20
419,Promo-0419,2024-03-02,2024-03-30,25
420,Promo-0420,2024-12-14,2024-12-22,15
421,Promo-0421,2025-05-08,2025-06-06,10
422,Promo-0422,2025-04-15,2025-04-26,12.5
423,Promo-0423,2025-01-18,2025-01-21,12.5
424,Promo-0424,2024-09-27,2024-10-09,25
425,Promo-0425,2024-08-31,2024-09-07,15
426,Promo-0426,2024-12-18,2024-12-22,12.5
427,Promo-0427,2024-04-09,2024-04-17,15
428,Promo-0428,2024-02-09,2024-03-10,25
429,Promo-0429,2024-04-16,2024-04-24,25
430,Promo-0430,2024-10-06,2024-10-30,10
431,Promo-0431,2024-04-01,2024-04-18,15
432,Promo-0432,2024-06-04,2024-06-14,20
433,Promo-0433,2024-06-10,2024-06-20,25
434,Promo-0434,2025-05-15,2025-05-28,12.5
435,Promo-0435,2024-01-14,2024-01-26,25
436,Promo-0436,2024-04-23,2024-04-29,12.5
437,Promo-0437,2025-04-11,2025-05-11,15
438,Promo-0438,2025-01-10,2025-01-26,15
439,Promo-0439,2024-01-10,2024-01-27,12.5
440,Promo-0440,2024-05-22,2024-06-09,20
441,Promo-0441,2025-01-08,2025-01-14,15
442,Promo-0442,2024-07-01,2024-07-13,10
443,Promo-0443,2024-10-31,2024-11-28,20
444,Promo-0444,2024-03-15,2024-03-28,12.5
445,Promo-0445,2025-04-18,2025-04-28,20
446,Promo-0446,2025-03-24,2025-04-17,20
447,Promo-0447,2025-02-07,2025-03-04,20
448,Promo-0448,2024-03-14,2024-04-12,20
449,Promo-0449,2024-01-01,2024-01-24,15
450,Promo-0450,2025-01-16,2025-02-02,12.5
451,Promo-0451,2024-05-04,2024-05-28,12.5
452,Promo-0452,2024-10-05,2024-10-19,20
453,Promo-0453,2024-06-03,2024-06-18,20
454,Promo-0454,2024-12-10,2024-12-22,20
455,Promo-0455,2024-07-17,2024-07-21,5
456,Promo-0456,2024-05-03,2024-05-21,12.5
457,Promo-0457,2024-04-26,2024-05-26,5
458,Promo-0458,2025-05-30,2025-06-17,5
459,Promo-0459,2025-03-26,2025-04-22,15
460,Promo-0460,2024-09-09,2024-09-21,10
461,Promo-0461,2024-01-20,2024-02-10,12.5
462,Promo-0462,2024-04-20,2024-04-26,5
463,Promo-0463,2024-04-19,2024-05-10,15
464,Promo-0464,2025-03-06,2025-03-12,5
465,Promo-0465,2025-04-11,2025-05-02,10
466,Promo-0466,2025-05-21,2025-05-24,10
467,Promo-0467,2024-05-11,2024-05-25,25
468,Promo-0468,2024-09-26,2024-10-21,15
469,Promo-0469,2024-05-28,2024-06-23,12.5
470,Promo-0470,2025-02-25,2025-03-04,12.5
471,Promo-0471,2025-05-14,2025-06-03,5
472,Promo-0472,2025-03-27,2025-04-22,5
473,Promo-0473,2025-04-25,2025-05-09,12.5
474,Promo-0474,2024-04-14,2024-04-27,12.5
475,Promo-0475,2025-03-15,2025-04-03,12.5
476,Promo-0476,2024-08-03,2024-08-17,12.5
477,Promo-0477,2024-05-22,2024-06-03,25
478,Promo-0478,2025-02-13,2025-02-26,25
479,Promo-0479,2025-02-07,2025-03-01,5
480,Promo-0480,2025-05-13,2025-05-23,15
481,Promo-0481,2024-07-16,2024-07-24,12.5
482,Promo-0482,2024-11-16,2024-12-13,25
483,Promo-0483,2024-05-02,2024-05-26,20
484,Promo-0484,2025-04-05,2025-04-21,10
485,Promo-0485,2025-01-10,2025-02-04,5
486,Promo-0486,2025-05-22,2025-06-20,15
487,Promo-0487,2025-05-09,2025-05-24,12.5
488,Promo-0488,2025-01-24,2025-02-17,15
489,Promo-0489,2024-03-16,2024-03-20,10
490,Promo-0490,2024-11-02,2024-11-21,15
491,Promo-0491,2024-12-14,2024-12-29,12.5
492,Promo-0492,2024-10-23,2024-11-11,5
493,Promo-0493,2025-05-03,2025-05-17,15
494,Promo-0494,2025-01-07,2025-01-20,10
495,Promo-0495,2025-01-15,2025-01-21,10
496,Promo-0496,2024-03-23,2024-04-05,10
497,Promo-0497,2024-07-05,2024-07-19,20
498,Promo-0498,2024-11-10,2024-11-15,12.5
499,Promo-0499,2024-11-29,2024-12-27,20
500,Promo-0500,2024-05-10,2024-05-17,15
501,Promo-0501,2024-07-14,2024-07-27,5
502,Promo-0502,2025-01-23,2025-02-06,10
503,Promo-0503,2024-11-24,2024-12-07,12.5
504,Promo-0504,2025-01-19,2025-02-15,10
505,Promo-0505,2025-02-10,2025-02-17,12.5
506,Promo-0506,2025-05-17,2025-06-16,25
507,Promo-0507,2024-12-10,2024-12-17,5
508,Promo-0508,2025-05-30,2025-06-16,12.5
509,Promo-0509,2024-03-04,2024-03-14,25
510,Promo-0510,2024-02-06,2024-03-02,12.5
511,Promo-0511,2025-05-31,2025-06-07,20
512,Promo-0512,2024-07-27,2024-08-04,15
513,Promo-0513,2024-01-15,2024-01-30,5
514,Promo-0514,2024-06-30,2024-07-26,12.5
515,Promo-0515,2025-05-18,2025-06-14,12.5
516,Promo-0516,2024-12-22,2024-12-30,20
517,Promo-0517,2025-01-30,2025-02-04,12.5
518,Promo-0518,2025-05-01,2025-05-20,10
519,Promo-0519,2024-01-09,2024-01-16,25
520,Promo-0520,2024-08-12,2024-09-09,10
521,Promo-0521,2025-02-27,2025-03-23,15
522,Promo-0522,2025-05-28,2025-06-12,12.5
523,Promo-0523,2024-11-13,2024-11-17,10
524,Promo-0524,2024-03-08,2024-03-13,12.5
525,Promo-0525,2024-07-06,2024-07-10,15
526,Promo-0526,2024-12-14,2024-12-17,15
527,Promo-0527,2024-10-24,2024-11-05,20
528,Promo-0528,2024-02-29,2024-03-19,5
529,Promo-0529,2025-02-08,2025-02-20,10
530,Promo-0530,2025-05-27,2025-06-10,5
531,Promo-0531,2025-02-25,2025-03-13,12.5
532,Promo-0532,2024-10-20,2024-11-08,12.5
533,Promo-0533,2024-10-15,2024-10-27,5
534,Promo-0534,2025-01-29,2025-02-10,5
535,Promo-0535,2024-08-30,2024-09-14,12.5
536,Promo-0536,2024-10-08,2024-10-31,10
537,Promo-0537,2024-02-25,2024-02-29,10
538,Promo-0538,2024-09-16,2024-10-15,12.5
539,Promo-0539,2025-04-04,2025-05-03,15
540,Promo-0540,2024-04-20,2024-04-25,15
541,Promo-0541,2025-05-29,2025-06-18,15
542,Promo-0542,2024-04-10,2024-05-06,15
543,Promo-0543,2025-02-01,2025-03-01,15
544,Promo-0544,2025-04-20,2025-04-24,25
545,Promo-0545,2024-08-16,2024-08-26,15
546,Promo-0546,2024-03-02,2024-04-01,12.5
547,Promo-0547,2025-04-24,2025-05-11,10
548,Promo-0548,2024-11-20,2024-12-03,20
549,Promo-0549,2024-02-06,2024-02-18,20
550,Promo-0550,2024-10-20,2024-10-24,5
551,Promo-0551,2024-11-10,2024-11-28,10
552,Promo-0552,2025-01-08,2025-01-25,5
553,Promo-0553,2025-04-13,2025-05-09,12.5
554,Promo-0554,2024-11-11,2024-11-26,20
555,Promo-0555,2025-03-15,2025-04-14,15
556,Promo-0556,2024-06-22,2024-07-21,10
557,Promo-0557,2024-03-11,2024-03-31,5
558,Promo-0558,2025-01-16,2025-02-06,25
559,Promo-0559,2025-04-07,2025-04-12,10
560,Promo-0560,2024-11-14,2024-12-14,10
561,Promo-0561,2025-01-10,2025-01-13,10
562,Promo-0562,2024-08-10,2024-08-24,10
563,Promo-0563,2025-01-16,2025-02-13,20
564,Promo-0564,2024-11-27,2024-12-19,15
565,Promo-0565,2024-07-27,2024-07-30,12.5
566,Promo-0566,2025-05-15,2025-05-21,25
567,Promo-0567,2025-03-17,2025-04-14,15
568,Promo-0568,2024-08-05,2024-08-24,15
569,Promo-0569,2024-07-29,2024-08-28,12.5
570,Promo-0570,2024-02-01,2024-02-06,15
571,Promo-0571,2024-02-26,2024-03-25,10
572,Promo-0572,2024-10-11,2024-11-05,12.5
573,Promo-0573,2025-04-05,2025-04-21,15
574,Promo-0574,2024-10-15,2024-11-01,10
575,Promo-0575,2025-02-18,2025-03-10,10
576,Promo-0576,2024-11-26,2024-12-19,12.5
577,Promo-0577,2024-01-18,2024-01-31,20
578,Promo-0578,2025-05-30,2025-06-02,15
579,Promo-0579,2024-09-14,2024-09-25,25
580,Promo-0580,2024-05-26,2024-06-23,25
581,Promo-0581,2024-04-05,2024-04-19,15
582,Promo-0582,2024-11-30,2024-12-22,25
583,Promo-0583,2024-08-22,2024-09-06,10
584,Promo-0584,2024-02-03,2024-03-02,20
585,Promo-0585,2025-04-29,2025-05-20,12.5
586,Promo-0586,2024-02-05,2024-02-10,15
587,Promo-0587,2024-02-08,2024-02-26,25
588,Promo-0588,2024-10-17,2024-10-28,25
589,Promo-0589,2024-02-29,2024-03-15,20
590,Promo-0590,2024-10-10,2024-11-08,25
591,Promo-0591,2024-10-15,2024-10-30,10
592,Promo-0592,2025-06-01,2025-07-01,20
593,Promo-0593,2025-05-16,2025-06-02,10
594,Promo-0594,2024-09-08,2024-09-21,15
595,Promo-0595,2024-01-21,2024-02-09,5
596,Promo-0596,2025-02-28,2025-03-06,5
597,Promo-0597,2025-03-15,2025-04-11,20
598,Promo-0598,2024-10-14,2024-11-06,5
599,Promo-0599,2025-02-08,2025-02-12,5
600,Promo-0600,2025-02-06,2025-02-19,5
601,Promo-0601,2024-05-22,2024-05-27,20
602,Promo-0602,2025-04-15,2025-05-10,10
603,Promo-0603,2024-10-18,2024-11-08,15
604,Promo-0604,2024-05-03,2024-05-30,10
605,Promo-0605,2024-10-15,2024-11-07,15
606,Promo-0606,2025-05-04,2025-05-11,12.5
607,Promo-0607,2024-08-29,2024-09-28,5
608,Promo-0608,2024-12-13,2024-12-24,20
609,Promo-0609,2024-06-29,2024-07-07,10
610,Promo-0610,2025-03-13,2025-03-27,10
611,Promo-0611,2024-12-24,2025-01-18,12.5
612,Promo-0612,2024-10-17,2024-10-28,15
613,Promo-0613,2024-10-09,2024-10-17,12.5
614,Promo-0614,2025-01-17,2025-02-02,20
615,Promo-0615,2024-06-04,2024-06-29,25
616,Promo-0616,2024-07-29,2024-08-08,20
617,Promo-0617,2024-03-12,2024-04-02,5
618,Promo-0618,2024-09-17,2024-10-03,25
619,Promo-0619,2025-04-04,2025-04-11,12.5
620,Promo-0620,2025-04-15,2025-05-14,10
621,Promo-0621,2024-08-01,2024-08-16,20
622,Promo-0622,2024-10-30,2024-11-02,15
623,Promo-0623,2024-11-26,2024-12-21,25
624,Promo-0624,2024-10-29,2024-11-10,15
625,Promo-0625,2024-11-26,2024-12-25,10
626,Promo-0626,2024-11-20,2024-12-03,15
627,Promo-0627,2025-05-14,2025-06-01,5
628,Promo-0628,2025-05-18,2025-06-06,15
629,Promo-0629,2025-02-06,2025-02-20,15
630,Promo-0630,2024-09-25,2024-10-17,10
631,Promo-0631,2025-01-06,2025-01-31,15
632,Promo-0632,2025-04-26,2025-05-16,15
633,Promo-0633,2025-01-27,2025-02-18,20
634,Promo-0634,2024-08-29,2024-09-16,5
635,Promo-0635,2024-11-11,2024-12-10,10
636,Promo-0636,2025-04-27,2025-05-11,5
637,Promo-0637,2025-02-07,2025-03-04,25
638,Promo-0638,2025-03-16,2025-03-23,10
639,Promo-0639,2024-07-11,2024-07-30,20
640,Promo-0640,2024-07-24,2024-08-18,15
641,Promo-0641,2024-12-11,2024-12-31,20
642,Promo-0642,2025-01-30,2025-02-28,25
643,Promo-0643,2025-04-04,2025-04-14,12.5
644,Promo-0644,2024-12-13,2025-01-10,25
645,Promo-0645,2024-05-31,2024-06-21,20
646,Promo-0646,2024-02-15,2024-03-12,12.5
647,Promo-0647,2025-02-18,2025-03-17,20
648,Promo-0648,2024-07-16,2024-08-03,20
649,Promo-0649,2024-07-04,2024-07-10,10
650,Promo-0650,2024-10-03,2024-10-13,12.5
651,Promo-0651,2024-07-22,2024-07-25,5
652,Promo-0652,2024-01-01,2024-01-22,10
653,Promo-0653,2024-05-21,2024-06-18,12.5
654,Promo-0654,2025-01-21,2025-02-19,5
655,Promo-0655,2025-05-09,2025-06-05,15
656,Promo-0656,2024-05-25,2024-06-23,10
657,Promo-0657,2024-12-30,2025-01-02,5
658,Promo-0658,2024-10-22,2024-11-10,25
659,Promo-0659,2024-12-20,2025-01-15,15
660,Promo-0660,2024-09-11,2024-10-04,5
661,Promo-0661,2024-05-16,2024-05-20,12.5
662,Promo-0662,2024-09-05,2024-09-24,25
663,Promo-0663,2024-07-17,2024-08-04,12.5
664,Promo-0664,2024-09-09,2024-09-12,15
665,Promo-0665,2024-02-09,2024-02-29,20
666,Promo-0666,2024-04-10,2024-04-30,25
667,Promo-0667,2024-05-20,2024-06-09,15
668,Promo-0668,2024-04-28,2024-05-09,12.5
669,Promo-0669,2024-03-02,2024-03-16,10
670,Promo-0670,2024-05-21,2024-06-07,20
671,Promo-0671,2024-05-16,2024-05-28,12.5
672,Promo-0672,2024-09-30,2024-10-07,20
673,Promo-0673,2025-05-22,2025-05-25,25
674,Promo-0674,2024-03-11,2024-03-25,20
675,Promo-0675,2025-02-04,2025-03-03,12.5
676,Promo-0676,2024-01-11,2024-01-30,10
677,Promo-0677,2024-09-17,2024-09-26,5
678,Promo-0678,2024-10-14,2024-10-27,25
679,Promo-0679,2024-11-20,2024-12-02,5
680,Promo-0680,2024-01-16,2024-02-14,25
681,Promo-0681,2024-11-10,2024-12-07,20
682,Promo-0682,2024-06-08,2024-06-14,15
683,Promo-0683,2025-04-13,2025-05-10,12.5
684,Promo-0684,2025-03-17,2025-04-04,25
685,Promo-0685,2024-08-09,2024-08-13,10
686,Promo-0686,2024-11-07,2024-11-15,5
687,Promo-0687,2025-05-28,2025-06-17,12.5
688,Promo-0688,2024-04-30,2024-05-29,15
689,Promo-0689,2024-10-27,2024-10-31,25
690,Promo-0690,2024-01-25,2024-02-01,10
691,Promo-0691,2025-03-07,2025-03-30,10
692,Promo-0692,2024-09-17,2024-10-10,12.5
693,Promo-0693,2024-02-18,2024-03-15,5
694,Promo-0694,2024-03-11,2024-04-02,5
695,Promo-0695,2024-04-13,2024-04-21,5
696,Promo-0696,2024-07-06,2024-07-31,25
697,Promo-0697,2024-01-12,2024-01-16,10
698,Promo-0698,2025-03-17,2025-04-14,5
699,Promo-0699,2024-10-14,2024-11-09,15
700,Promo-0700,2024-08-10,2024-08-24,25
701,Promo-0701,2024-03-19,2024-04-01,15
702,Promo-0702,2024-12-08,2024-12-20,5
703,Promo-0703,2024-09-10,2024-10-06,10
704,Promo-0704,2025-04-12,2025-05-12,5
705,Promo-0705,2024-09-10,2024-09-15,5
706,Promo-0706,2025-05-19,2025-06-15,5
707,Promo-0707,2024-03-31,2024-04-14,10
708,Promo-0708,2024-04-15,2024-05-05,12.5
709,Promo-0709,2024-05-25,2024-05-31,10
710,Promo-0710,2025-01-26,2025-02-14,20
711,Promo-0711,2024-02-15,2024-02-19,25
712,Promo-0712,2024-06-11,2024-06-15,5
713,Promo-0713,2025-04-07,2025-04-24,10
714,Promo-0714,2024-12-01,2024-12-18,5
715,Promo-0715,2025-01-01,2025-01-15,25
716,Promo-0716,2024-04-22,2024-05-03,12.5
717,Promo-0717,2024-07-23,2024-08-01,10
718,Promo-0718,2024-09-02,2024-09-29,25
719,Promo-0719,2024-10-01,2024-10-13,10
720,Promo-0720,2025-05-05,2025-05-23,20
721,Promo-0721,2024-01-30,2024-02-03,5
722,Promo-0722,2024-04-13,2024-04-22,25
723,Promo-0723,2025-05-07,2025-05-12,15
724,Promo-0724,2024-11-22,2024-12-03,5
725,Promo-0725,2025-01-10,2025-01-21,20
726,Promo-0726,2024-04-22,2024-05-15,5
727,Promo-0727,2024-02-15,2024-03-05,20
728,Promo-0728,2025-03-09,2025-04-05,25
729,Promo-0729,2024-11-10,2024-11-17,25
730,Promo-0730,2024-02-13,2024-02-24,20
731,Promo-0731,2024-10-26,2024-11-04,12.5
732,Promo-0732,2024-09-28,2024-10-08,25
733,Promo-0733,2024-12-03,2024-12-15,10
734,Promo-0734,2024-07-22,2024-08-11,12.5
735,Promo-0735,2025-04-13,2025-05-05,15
736,Promo-0736,2024-05-04,2024-05-09,20
737,Promo-0737,2025-04-01,2025-04-17,25
738,Promo-0738,2025-01-31,2025-02-10,15
739,Promo-0739,2024-03-31,2024-04-30,25
740,Promo-0740,2024-07-14,2024-08-05,12.5
741,Promo-0741,2025-05-05,2025-05-28,12.5
742,Promo-0742,2025-01-11,2025-01-20,5
743,Promo-0743,2024-04-09,2024-05-03,10
744,Promo-0744,2024-10-30,2024-11-16,10
745,Promo-0745,2025-03-11,2025-03-28,10
746,Promo-0746,2024-11-11,2024-12-03,10
747,Promo-0747,2024-08-11,2024-08-26,15
748,Promo-0748,2024-10-25,2024-11-24,12.5
749,Promo-0749,2025-01-24,2025-02-16,20
750,Promo-0750,2024-03-22,2024-04-03,15
751,Promo-0751,2025-05-17,2025-05-24,5
752,Promo-0752,2025-03-12,2025-04-11,5
753,Promo-0753,2024-01-28,2024-02-08,10
754,Promo-0754,2024-03-30,2024-04-18,25
755,Promo-0755,2024-01-13,2024-02-08,5
756,Promo-0756,2024-12-07,2024-12-29,15
757,Promo-0757,2024-11-21,2024-12-11,12.5
758,Promo-0758,2024-02-07,2024-02-16,10
759,Promo-0759,2025-05-26,2025-06-14,10
760,Promo-0760,2024-05-08,2024-06-06,10
761,Promo-0761,2024-12-06,2024-12-16,5
762,Promo-0762,2025-04-11,2025-04-16,20
763,Promo-0763,2024-05-27,2024-06-18,20
764,Promo-0764,2025-04-11,2025-04-22,5
765,Promo-0765,2024-10-09,2024-10-13,20
766,Promo-0766,2024-07-08,2024-08-06,20
767,Promo-0767,2024-10-04,2024-10-17,25
768,Promo-0768,2024-04-12,2024-05-02,25
769,Promo-0769,2024-05-17,2024-05-27,20
770,Promo-0770,2024-05-30,2024-06-09,10
771,Promo-0771,2024-02-08,2024-03-01,25
772,Promo-0772,2025-02-09,2025-02-22,20
773,Promo-0773,2025-05-04,2025-06-03,25
774,Promo-0774,2024-08-19,2024-08-22,12.5
775,Promo-0775,2025-05-10,2025-05-23,10
776,Promo-0776,2024-03-11,2024-04-09,10
777,Promo-0777,2025-03-13,2025-03-31,20
778,Promo-0778,2024-02-07,2024-02-14,10
779,Promo-0779,2024-11-19,2024-12-16,12.5
780,Promo-0780,2024-09-30,2024-10-22,25
781,Promo-0781,2024-09-26,2024-10-05,10
782,Promo-0782,2025-03-16,2025-03-28,20
783,Promo-0783,2025-04-19,2025-05-18,12.5
784,Promo-0784,2024-08-15,2024-08-19,12.5
785,Promo-0785,2024-06-30,2024-07-18,25
786,Promo-0786,2025-03-07,2025-03-14,20
787,Promo-0787,2024-02-08,2024-03-02,15
788,Promo-0788,2024-01-06,2024-01-14,12.5
789,Promo-0789,2024-06-25,2024-06-28,5
790,Promo-0790,2025-01-06,2025-01-18,5
791,Promo-0791,2024-11-13,2024-12-06,15
792,Promo-0792,2024-04-12,2024-05-11,20
793,Promo-0793,2025-04-28,2025-05-08,20
794,Promo-0794,2024-07-15,2024-08-10,20
795,Promo-0795,2025-02-28,2025-03-23,15
796,Promo-0796,2024-11-14,2024-12-10,5
797,Promo-0797,2024-01-29,2024-02-20,10
798,Promo-0798,2025-02-04,2025-02-22,25
799,Promo-0799,2024-03-11,2024-04-03,25
800,Promo-0800,2024-08-29,2024-09-10,5
