shipment_id,supplier_id,warehouse_id,product_id,quantity,shipped_date,arrival_date,status
1,85,2,3608,983,2024-10-02,2024-10-08,In Transit
2,2,4,5522,311,2024-03-03,2024-03-15,Received
3,25,2,2523,102,2025-07-24,2025-07-26,Received
4,74,4,4816,428,2024-03-19,2024-03-26,Received
5,14,4,405,637,2026-01-26,2026-01-30,Received
6,45,3,1088,605,2025-12-20,2025-12-28,Received
7,52,2,3960,331,2025-12-10,2025-12-22,Received
8,5,1,695,316,2024-06-04,2024-06-14,Received
9,78,4,4019,346,2024-08-20,2024-08-28,Received
10,35,3,5519,745,2025-01-25,2025-01-31,In Transit
11,61,4,5400,357,2024-02-28,2024-03-10,In Transit
12,36,2,371,675,2024-03-11,2024-03-16,Received
13,39,2,3555,365,2024-04-16,2024-04-20,In Transit
14,53,2,997,549,2025-09-11,2025-09-20,Received
15,12,5,2234,706,2024-06-16,2024-06-29,Received
16,67,1,2627,743,2025-02-04,2025-02-12,Received
17,5,3,3074,699,2025-07-17,2025-07-21,Received
18,13,3,49,525,2025-05-30,2025-06-07,Received
19,46,1,1595,355,2025-12-10,2025-12-20,Received
20,57,4,3825,281,2025-05-09,2025-05-18,Received
21,31,3,5537,107,2024-06-03,2024-06-16,Received
22,67,4,3349,857,2025-11-09,2025-11-21,Received
23,2,1,568,186,2025-01-21,2025-01-28,Received
24,13,2,2032,139,2025-03-18,2025-03-26,Received
25,33,2,3617,513,2024-03-07,2024-03-10,Received
26,22,4,4429,183,2025-07-04,2025-07-07,Received
27,21,3,3627,791,2024-12-19,2025-01-01,Received
28,36,4,4148,379,2025-06-11,2025-06-18,Delayed
29,28,3,5432,534,2025-08-01,2025-08-09,Received
30,21,3,4973,648,2025-10-16,2025-10-23,Received
31,21,2,43,904,2025-04-29,2025-05-01,In Transit
32,87,1,3658,927,2025-11-30,2025-12-11,Received
33,62,1,2150,62,2024-08-19,2024-08-24,Received
34,22,2,3897,357,2024-11-02,2024-11-13,Received
35,89,5,4196,539,2024-09-09,2024-09-16,Received
36,78,2,3891,784,2024-09-30,2024-10-09,Received
37,30,1,2439,480,2024-10-29,2024-11-01,Received
38,23,4,3605,334,2024-09-23,2024-09-30,Received
39,2,5,1220,80,2025-12-24,2026-01-01,Received
40,57,5,592,925,2026-02-01,2026-02-12,Received
41,2,5,2405,392,2025-08-11,2025-08-14,In Transit
42,72,3,2600,362,2026-01-01,2026-01-12,In Transit
43,6,1,5783,543,2024-08-23,2024-08-31,Delayed
44,16,4,3907,578,2024-08-14,2024-08-23,In Transit
45,43,3,4375,280,2025-05-11,2025-05-18,Received
46,84,1,3124,153,2024-08-19,2024-08-23,Received
47,7,4,5634,898,2024-06-27,2024-07-10,Received
48,14,5,368,283,2024-10-14,2024-10-27,In Transit
49,57,1,3709,81,2025-04-01,2025-04-14,Received
50,75,4,3536,726,2025-07-26,2025-08-08,Received
51,84,1,3321,224,2024-09-10,2024-09-14,Received
52,21,3,5777,455,2025-10-31,2025-11-06,In Transit
53,26,1,1390,231,2025-02-26,2025-03-10,In Transit
54,45,4,4238,352,2025-10-13,2025-10-21,Received
55,42,4,4798,867,2024-10-25,2024-10-31,Received
56,64,5,2896,963,2025-07-12,2025-07-20,Received
57,32,3,275,394,2024-10-19,2024-10-24,Received
58,68,1,4833,362,2025-10-14,2025-10-24,In Transit
59,31,4,4094,220,2025-09-12,2025-09-18,Received
60,85,2,4443,761,2024-10-04,2024-10-16,Received
61,1,4,2328,605,2025-05-29,2025-06-07,Received
62,66,3,1526,429,2024-12-27,2025-01-07,Received
63,21,2,4788,236,2025-04-30,2025-05-09,Received
64,57,1,4485,530,2025-10-22,2025-11-04,Received
65,27,3,2512,141,2026-01-24,2026-02-04,Received
66,35,5,3692,188,2025-12-15,2025-12-22,Received
67,27,3,5372,602,2025-10-19,2025-10-30,Received
68,76,3,5098,581,2024-08-09,2024-08-20,Received
69,81,2,1644,530,2024-03-20,2024-03-24,Received
70,59,5,139,344,2025-01-16,2025-01-25,Received
71,4,3,4504,224,2024-09-21,2024-09-29,Received
72,3,5,741,699,2024-06-10,2024-06-19,Received
73,2,4,3507,692,2025-06-30,2025-07-11,Received
74,59,3,1200,534,2024-10-08,2024-10-14,Received
75,9,4,2829,978,2024-12-28,2025-01-04,Received
76,62,4,1946,879,2025-12-10,2025-12-17,Received
77,28,5,554,289,2024-08-24,2024-09-06,Received
78,58,1,2422,943,2024-05-19,2024-05-24,In Transit
79,7,5,5226,430,2024-06-11,2024-06-24,Received
80,59,1,2791,551,2024-05-21,2024-05-29,Received
81,40,2,3765,918,2024-03-24,2024-04-01,Received
82,12,2,2564,433,2024-07-25,2024-07-28,Received
83,13,1,3532,58,2025-02-05,2025-02-10,In Transit
84,40,3,2880,524,2025-04-28,2025-05-03,Received
85,55,2,2866,406,2026-02-11,2026-02-24,Received
86,41,2,3554,471,2025-09-07,2025-09-13,Received
87,75,3,5390,219,2025-10-18,2025-10-31,In Transit
88,69,2,5948,363,2025-07-28,2025-08-07,In Transit
89,81,2,5220,924,2024-04-11,2024-04-17,In Transit
90,88,5,819,983,2025-03-06,2025-03-17,Received
91,41,5,5667,604,2025-06-22,2025-07-03,Received
92,26,4,2029,855,2025-11-23,2025-12-01,In Transit
93,3,5,447,588,2025-02-17,2025-02-22,Received
94,74,2,1883,526,2025-10-24,2025-11-02,Received
95,81,1,5293,884,2025-06-28,2025-07-05,Received
96,35,4,1830,227,2024-03-11,2024-03-15,Received
97,34,1,1085,415,2024-06-10,2024-06-16,Received
98,91,3,3336,821,2024-10-11,2024-10-17,Received
99,1,1,2177,539,2024-03-01,2024-03-10,Received
100,35,4,554,554,2024-03-17,2024-03-21,In Transit
101,6,3,5262,753,2025-12-05,2025-12-12,Received
102,75,4,3484,682,2024-05-26,2024-06-06,Received
103,1,3,5995,282,2025-03-10,2025-03-20,In Transit
104,76,5,42,435,2025-04-28,2025-05-01,Received
105,65,3,3371,441,2025-08-10,2025-08-13,Received
106,87,2,1733,151,2025-04-06,2025-04-16,Received
107,18,1,5701,440,2025-06-08,2025-06-10,Received
108,55,4,1456,835,2024-11-27,2024-12-10,In Transit
109,48,5,2916,201,2025-10-06,2025-10-17,In Transit
110,44,1,4694,898,2024-12-16,2024-12-25,Delayed
111,14,3,3048,799,2024-09-02,2024-09-12,Received
112,59,4,5506,665,2024-12-02,2024-12-13,Received
113,30,4,5360,747,2025-10-23,2025-10-25,Received
114,34,1,2751,182,2024-07-23,2024-07-28,Received
115,65,1,3309,837,2025-06-21,2025-06-29,Received
116,10,3,463,315,2025-03-09,2025-03-11,Received
117,60,1,3245,199,2024-12-17,2024-12-30,Received
118,80,5,3430,798,2024-12-29,2025-01-01,Received
119,9,5,1735,700,2026-02-06,2026-02-12,Received
120,1,2,550,227,2024-03-23,2024-03-26,Received
121,69,3,594,787,2025-02-27,2025-03-03,Delayed
122,22,3,3826,939,2025-05-15,2025-05-20,Received
123,24,1,5871,453,2024-09-18,2024-09-23,Received
124,59,1,1081,490,2025-04-04,2025-04-06,Received
125,19,1,5925,943,2024-04-26,2024-05-04,Received
126,7,3,1553,788,2025-02-08,2025-02-20,Received
127,90,1,2565,482,2024-07-17,2024-07-22,Received
128,54,4,528,62,2025-05-29,2025-06-09,Received
129,15,3,2641,878,2024-04-26,2024-05-09,Received
130,11,5,1252,913,2026-01-04,2026-01-13,Received
131,24,1,4181,960,2025-10-22,2025-10-24,Received
132,10,3,2079,272,2024-06-03,2024-06-08,Received
133,75,2,3070,398,2025-08-15,2025-08-20,Delayed
134,68,1,1608,257,2024-02-26,2024-03-08,Received
135,89,5,4764,278,2025-05-03,2025-05-14,Received
136,59,2,3455,196,2025-03-11,2025-03-23,Received
137,38,2,465,147,2024-08-06,2024-08-11,Received
138,16,1,3597,460,2024-11-25,2024-12-04,Received
139,61,5,3989,346,2025-07-12,2025-07-14,Received
140,5,1,1980,355,2025-06-14,2025-06-25,Received
141,6,3,3163,699,2024-08-01,2024-08-14,Received
142,9,5,5168,430,2025-03-22,2025-04-03,Received
143,81,2,1293,980,2024-11-19,2024-12-01,Received
144,48,4,3238,899,2025-10-15,2025-10-26,Received
145,10,5,3079,614,2024-11-19,2024-11-26,Received
146,64,4,1113,769,2025-02-01,2025-02-04,Received
147,64,2,657,106,2024-07-18,2024-07-20,Received
148,20,1,4068,117,2025-05-11,2025-05-23,Received
149,65,1,2393,285,2025-05-12,2025-05-18,Received
150,37,4,3493,57,2025-01-04,2025-01-13,Received
151,8,2,2938,85,2025-06-01,2025-06-09,Received
152,90,4,1922,421,2024-11-28,2024-12-06,Received
153,36,5,3018,605,2025-10-03,2025-10-07,In Transit
154,23,1,4698,118,2025-07-05,2025-07-09,Received
155,22,3,3569,347,2024-08-28,2024-09-08,Received
156,52,1,76,141,2024-08-27,2024-08-31,Received
157,25,5,668,875,2024-11-04,2024-11-15,Received
158,83,5,2687,141,2024-03-08,2024-03-19,In Transit
159,42,3,4603,817,2025-06-22,2025-07-05,Received
160,58,3,4751,632,2025-11-16,2025-11-19,Received
161,8,3,3311,585,2024-06-16,2024-06-28,In Transit
162,64,3,996,983,2024-10-22,2024-10-27,Received
163,4,3,598,825,2025-07-17,2025-07-21,Received
164,13,4,105,473,2025-08-15,2025-08-24,In Transit
165,77,5,1315,385,2025-09-19,2025-09-30,In Transit
166,91,3,4090,109,2025-09-03,2025-09-06,Received
167,86,5,3697,240,2024-10-06,2024-10-16,Received
168,84,2,859,687,2025-02-15,2025-02-27,Received
169,38,5,1683,982,2025-11-08,2025-11-17,Received
170,33,4,2416,585,2024-05-16,2024-05-29,Received
171,87,4,3537,872,2025-04-25,2025-05-08,Received
172,4,3,1809,701,2025-01-28,2025-01-30,Received
173,42,2,3579,835,2025-04-26,2025-05-06,In Transit
174,86,2,4920,943,2025-04-19,2025-04-21,Received
175,67,4,1319,601,2025-07-15,2025-07-19,Received
176,85,5,2989,297,2024-05-29,2024-06-07,Received
177,20,2,1065,495,2024-05-19,2024-05-29,Received
178,62,5,2636,261,2026-01-23,2026-01-30,Received
179,8,5,2500,700,2025-12-21,2026-01-03,Received
180,51,5,4520,350,2024-04-06,2024-04-08,Received
181,26,2,1741,601,2026-01-02,2026-01-14,Received
182,15,1,604,443,2024-12-25,2024-12-28,Received
183,74,4,29,199,2024-11-07,2024-11-17,Received
184,91,1,1875,173,2024-11-02,2024-11-07,In Transit
185,56,4,4989,285,2024-03-02,2024-03-10,Received
186,71,3,2298,64,2024-08-06,2024-08-10,Received
187,62,5,3995,991,2024-08-19,2024-08-28,Received
188,75,5,4582,688,2026-01-24,2026-02-03,Received
189,36,5,2081,197,2025-08-17,2025-08-21,Received
190,82,4,5952,791,2025-06-23,2025-06-26,Received
191,84,1,5247,800,2025-12-26,2026-01-02,Received
192,51,5,712,383,2025-06-02,2025-06-10,Received
193,21,2,2262,837,2025-03-09,2025-03-20,In Transit
194,50,1,304,272,2026-01-20,2026-01-28,Received
195,61,2,4701,847,2024-11-27,2024-12-03,Received
196,62,5,2012,311,2025-08-29,2025-09-05,In Transit
197,59,5,3760,814,2024-12-12,2024-12-23,Received
198,83,2,4290,58,2025-09-20,2025-09-30,Received
199,15,5,3023,71,2024-04-24,2024-04-30,Received
200,36,3,2700,486,2025-10-05,2025-10-14,Received
201,36,4,575,286,2025-10-22,2025-10-30,In Transit
202,60,1,5999,93,2025-12-28,2026-01-01,In Transit
203,49,4,203,75,2024-05-08,2024-05-11,Received
204,7,5,2581,432,2025-12-30,2026-01-07,Received
205,82,5,4576,541,2025-07-23,2025-07-30,Received
206,12,2,3488,692,2024-04-28,2024-05-10,In Transit
207,35,3,4037,445,2025-07-14,2025-07-20,Received
208,41,1,5645,654,2025-10-31,2025-11-04,Received
209,40,2,3821,396,2025-04-01,2025-04-13,Received
210,86,1,2191,395,2024-05-03,2024-05-16,Received
211,42,5,959,509,2025-01-11,2025-01-20,In Transit
212,26,5,1485,605,2025-06-17,2025-06-22,Received
213,45,1,4348,698,2025-01-11,2025-01-14,Received
214,43,2,4180,547,2025-08-12,2025-08-24,Received
215,68,3,4715,565,2024-12-24,2025-01-02,Received
216,9,1,4094,397,2025-01-21,2025-01-26,In Transit
217,41,2,3214,208,2025-05-21,2025-05-24,Received
218,2,2,1593,154,2025-01-04,2025-01-11,Received
219,4,4,4365,606,2024-04-05,2024-04-15,Received
220,21,1,4997,475,2024-05-30,2024-06-07,Received
221,69,4,2957,986,2024-10-24,2024-10-30,Received
222,46,1,2566,607,2024-08-03,2024-08-11,Received
223,91,2,3864,157,2024-05-08,2024-05-18,Received
224,79,3,1003,345,2025-10-16,2025-10-27,Received
225,11,5,4234,257,2025-04-23,2025-04-25,Received
226,5,4,2087,781,2024-09-16,2024-09-19,Received
227,27,4,2185,983,2024-04-12,2024-04-20,Received
228,41,3,3136,222,2025-02-01,2025-02-03,Received
229,49,5,4866,731,2025-04-26,2025-05-02,Received
230,69,4,3198,144,2024-08-12,2024-08-23,In Transit
231,66,3,694,442,2024-06-12,2024-06-24,In Transit
232,37,5,2870,324,2025-05-25,2025-06-01,In Transit
233,62,4,2117,74,2025-06-18,2025-06-27,Delayed
234,85,2,835,578,2024-11-25,2024-12-06,Received
235,22,2,743,667,2025-08-24,2025-09-05,Received
236,77,4,792,462,2024-04-03,2024-04-08,In Transit
237,78,4,3055,919,2025-03-08,2025-03-16,Received
238,74,4,3794,528,2024-10-28,2024-11-03,Delayed
239,82,1,4141,512,2025-04-01,2025-04-13,Received
240,48,4,5657,912,2025-11-22,2025-12-04,Received
241,77,4,1589,280,2025-02-04,2025-02-15,Received
242,3,1,4786,434,2025-04-24,2025-04-30,Received
243,25,3,4600,419,2024-06-23,2024-06-25,Received
244,51,1,3216,858,2025-09-07,2025-09-12,Received
245,8,2,3089,508,2025-09-30,2025-10-12,In Transit
246,59,5,1154,930,2025-05-02,2025-05-05,Received
247,89,3,2435,274,2025-08-23,2025-08-25,Received
248,32,1,5514,771,2026-02-16,2026-02-28,Received
249,52,4,2394,157,2025-10-01,2025-10-09,Received
250,36,1,2904,117,2024-05-12,2024-05-15,In Transit
251,4,1,5858,805,2024-10-23,2024-11-03,In Transit
252,37,2,5998,666,2024-08-02,2024-08-04,Received
253,68,1,389,105,2025-04-19,2025-04-23,Delayed
254,26,4,1561,326,2025-06-27,2025-07-07,Received
255,32,4,4836,695,2024-12-30,2025-01-05,Received
256,38,5,1976,484,2025-01-17,2025-01-29,In Transit
257,34,3,3618,530,2024-07-07,2024-07-10,Received
258,65,5,5489,545,2024-04-30,2024-05-13,In Transit
259,53,4,2561,538,2024-09-30,2024-10-12,Received
260,2,4,2164,580,2025-08-10,2025-08-21,Delayed
261,50,2,4602,69,2024-04-05,2024-04-17,In Transit
262,57,5,2043,604,2024-05-27,2024-05-29,Received
263,40,5,2149,676,2024-03-07,2024-03-13,Received
264,58,2,1159,900,2024-06-19,2024-06-24,Received
265,72,4,152,158,2025-10-24,2025-11-02,Received
266,36,2,3466,260,2025-09-27,2025-10-06,Received
267,52,2,1898,324,2024-08-04,2024-08-12,In Transit
268,83,3,78,483,2024-05-30,2024-06-02,In Transit
269,34,2,3032,700,2024-10-01,2024-10-08,Received
270,70,4,2698,999,2026-01-10,2026-01-19,Received
271,72,4,2899,768,2024-06-17,2024-06-20,In Transit
272,66,1,3673,878,2025-01-05,2025-01-14,Received
273,87,1,4443,356,2026-02-04,2026-02-07,In Transit
274,47,1,677,662,2024-11-26,2024-11-29,Received
275,65,3,2121,817,2024-03-05,2024-03-09,In Transit
276,71,2,360,639,2024-04-02,2024-04-10,Received
277,1,2,1625,445,2025-04-10,2025-04-18,Received
278,59,3,5236,848,2025-03-21,2025-03-30,Received
279,76,5,2407,683,2025-08-22,2025-09-02,Received
280,37,1,5214,444,2024-05-09,2024-05-13,Received
281,60,4,1143,312,2024-04-05,2024-04-07,Received
282,5,2,4418,668,2025-10-31,2025-11-04,Received
283,1,4,2817,622,2024-03-12,2024-03-19,Received
284,62,1,2233,221,2024-10-09,2024-10-22,Received
285,31,2,3563,177,2024-03-08,2024-03-11,Received
286,82,2,1994,829,2025-12-30,2026-01-02,In Transit
287,12,3,2884,255,2024-11-18,2024-12-01,Received
288,76,4,2888,216,2024-04-27,2024-05-04,Received
289,89,5,4055,906,2025-10-31,2025-11-08,Received
290,10,5,5120,942,2024-08-21,2024-08-30,Received
291,6,4,3558,54,2025-05-15,2025-05-23,Delayed
292,15,3,2118,400,2025-08-21,2025-09-03,Received
293,39,1,834,841,2025-02-27,2025-03-03,In Transit
294,30,3,2767,395,2024-04-19,2024-04-30,Received
295,58,5,5002,755,2025-08-16,2025-08-21,Received
296,37,2,3367,269,2025-03-25,2025-04-06,Received
297,63,1,5815,382,2024-08-04,2024-08-12,Received
298,28,3,4804,466,2025-01-25,2025-02-07,Received
299,38,4,669,987,2025-08-23,2025-08-31,Received
300,64,2,3878,191,2025-05-22,2025-05-24,Received
301,80,5,5118,715,2024-09-27,2024-10-10,In Transit
302,21,3,1218,115,2024-12-26,2025-01-01,Received
303,23,5,1441,221,2025-05-30,2025-06-07,Received
304,91,1,2835,830,2024-04-01,2024-04-03,Received
305,55,4,4011,801,2024-03-16,2024-03-26,Received
306,23,2,3921,341,2026-02-19,2026-02-27,In Transit
307,7,4,554,682,2024-12-10,2024-12-12,Received
308,87,1,5220,940,2026-02-15,2026-02-24,Received
309,21,5,5141,794,2025-12-23,2025-12-28,Received
310,22,2,5371,239,2026-01-30,2026-02-08,In Transit
311,91,5,1342,359,2025-09-03,2025-09-16,Received
312,36,5,5964,775,2025-01-28,2025-02-04,Received
313,78,5,3285,432,2025-10-14,2025-10-21,Received
314,78,1,2568,401,2024-12-09,2024-12-13,Received
315,65,4,3816,197,2025-11-11,2025-11-16,In Transit
316,5,2,3747,846,2025-10-06,2025-10-15,Received
317,5,3,2512,439,2024-08-30,2024-09-12,Received
318,27,3,1411,442,2025-10-02,2025-10-11,Received
319,16,3,228,707,2024-07-25,2024-08-01,Received
320,44,5,3737,632,2024-11-17,2024-11-23,Received
321,21,4,4012,567,2024-03-10,2024-03-22,Received
322,25,1,3584,180,2024-07-21,2024-07-30,Received
323,78,5,2028,375,2025-06-24,2025-07-03,Received
324,50,5,565,317,2024-08-08,2024-08-12,Received
325,56,2,17,706,2024-03-05,2024-03-14,In Transit
326,84,3,3106,447,2024-10-02,2024-10-09,Received
327,49,1,1818,868,2024-10-20,2024-10-29,Received
328,2,5,716,617,2024-04-30,2024-05-02,Received
329,85,3,4283,771,2025-08-11,2025-08-15,Received
330,55,5,1329,482,2024-09-02,2024-09-14,Received
331,62,3,4917,452,2025-07-10,2025-07-22,In Transit
332,14,3,4634,412,2024-06-12,2024-06-18,Received
333,53,3,3555,595,2025-05-08,2025-05-18,Received
334,73,1,3328,536,2025-06-08,2025-06-15,Received
335,81,4,973,379,2025-04-02,2025-04-05,Received
336,69,4,926,676,2025-05-25,2025-05-28,Received
337,26,2,654,787,2024-05-11,2024-05-17,Received
338,78,1,2242,812,2024-07-17,2024-07-26,Received
339,17,4,5168,720,2025-03-25,2025-04-01,Received
340,85,5,1338,430,2025-06-16,2025-06-19,Received
341,46,4,2137,918,2025-01-27,2025-02-04,Received
342,81,1,1407,227,2025-07-31,2025-08-07,Received
343,55,3,1066,759,2024-12-08,2024-12-16,Received
344,57,4,3061,302,2025-03-30,2025-04-07,Received
345,36,1,2464,284,2024-05-15,2024-05-23,Received
346,48,4,22,211,2025-02-14,2025-02-18,Received
347,67,5,5145,197,2024-11-30,2024-12-13,In Transit
348,57,5,5453,257,2024-06-03,2024-06-13,Received
349,87,1,4142,880,2024-08-21,2024-08-31,Received
350,41,4,380,65,2024-07-11,2024-07-13,Received
351,2,4,4533,142,2024-06-03,2024-06-11,Received
352,66,4,5657,992,2025-11-13,2025-11-20,Received
353,81,1,4573,450,2025-06-24,2025-06-27,Received
354,89,2,4168,401,2025-06-09,2025-06-14,Received
355,69,1,1295,747,2025-04-29,2025-05-09,Received
356,59,4,5767,868,2025-10-26,2025-11-04,Received
357,88,1,4429,716,2026-02-15,2026-02-28,Received
358,8,1,1708,789,2025-05-17,2025-05-27,Received
359,40,2,4477,854,2024-12-31,2025-01-02,Received
360,85,2,2135,252,2024-08-31,2024-09-04,Delayed
361,8,3,279,521,2025-03-07,2025-03-18,Received
362,88,1,5325,950,2025-12-04,2025-12-14,Received
363,22,4,2969,931,2025-05-14,2025-05-26,Received
364,55,5,4295,761,2025-11-17,2025-11-26,Received
365,87,5,1378,865,2024-07-12,2024-07-24,Received
366,7,4,5237,703,2024-03-12,2024-03-14,Received
367,67,1,3232,310,2024-10-17,2024-10-23,Received
368,88,3,3629,597,2024-08-10,2024-08-13,Delayed
369,55,1,4384,487,2026-01-25,2026-01-30,Received
370,83,2,2833,693,2024-11-21,2024-12-03,Received
371,76,5,4508,57,2025-08-23,2025-09-05,Received
372,22,4,3617,236,2025-08-13,2025-08-16,Received
373,52,3,2776,765,2025-11-13,2025-11-16,Received
374,25,5,2931,975,2024-05-10,2024-05-16,Received
375,14,1,6003,972,2026-02-07,2026-02-14,Received
376,32,3,2443,54,2026-02-14,2026-02-18,In Transit
377,66,1,2648,221,2025-11-29,2025-12-09,In Transit
378,65,1,3720,151,2024-06-15,2024-06-21,In Transit
379,27,1,3867,151,2024-02-29,2024-03-13,Received
380,67,5,374,335,2025-11-02,2025-11-11,Received
381,52,2,4482,108,2024-11-03,2024-11-12,Received
382,76,1,1621,102,2025-12-05,2025-12-12,In Transit
383,66,4,5354,182,2025-07-16,2025-07-21,Received
384,35,1,5566,387,2024-06-17,2024-06-29,Received
385,32,5,1505,382,2026-01-26,2026-02-06,Received
386,46,4,2468,748,2024-10-12,2024-10-25,Received
387,77,4,1845,908,2025-08-09,2025-08-12,Received
388,41,5,375,788,2025-07-03,2025-07-08,Received
389,63,2,233,871,2025-12-22,2025-12-29,Received
390,22,4,5422,813,2024-08-17,2024-08-28,In Transit
391,87,1,4539,604,2024-03-28,2024-04-02,Received
392,70,3,4527,762,2025-03-27,2025-04-03,Delayed
393,62,4,5021,970,2025-12-01,2025-12-04,Delayed
394,57,4,2435,553,2024-11-09,2024-11-14,Received
395,17,4,2244,242,2025-02-28,2025-03-11,Received
396,56,3,2167,815,2025-06-05,2025-06-07,Received
397,58,1,4013,262,2024-10-23,2024-10-28,Received
398,61,1,4636,396,2025-10-23,2025-10-26,Delayed
399,64,2,5587,509,2025-11-11,2025-11-22,Received
400,10,3,5620,110,2025-09-20,2025-09-30,Received
401,76,4,3213,60,2026-02-10,2026-02-13,Received
402,55,1,139,275,2025-06-01,2025-06-10,Received
403,76,1,1236,359,2025-05-30,2025-06-05,Received
404,13,1,1017,666,2024-10-12,2024-10-18,Received
405,22,4,1039,313,2025-06-04,2025-06-10,Received
406,54,1,3379,294,2025-09-27,2025-10-01,Received
407,54,2,1738,971,2026-01-25,2026-02-07,In Transit
408,59,4,4633,618,2025-10-11,2025-10-14,Received
409,5,4,1351,83,2025-08-17,2025-08-29,Received
410,67,5,5202,310,2025-07-28,2025-08-04,Received
411,75,5,4772,735,2024-07-06,2024-07-19,Received
412,78,2,3322,482,2025-04-07,2025-04-15,Received
413,88,5,466,867,2025-08-06,2025-08-14,In Transit
414,10,5,1378,512,2025-08-28,2025-09-09,Received
415,55,1,647,771,2025-07-04,2025-07-08,Received
416,7,1,4928,354,2025-06-04,2025-06-15,In Transit
417,11,1,480,857,2024-05-20,2024-05-27,Delayed
418,77,1,1086,179,2024-10-06,2024-10-14,In Transit
419,17,3,1364,734,2024-11-29,2024-12-04,Received
420,25,3,57,842,2024-12-11,2024-12-17,Received
421,35,2,5887,989,2025-09-03,2025-09-05,In Transit
422,17,5,1989,127,2024-11-14,2024-11-20,Received
423,74,2,5335,111,2026-01-03,2026-01-10,Received
424,66,3,614,898,2025-11-26,2025-12-08,Received
425,83,4,1277,346,2025-12-24,2026-01-05,Received
426,12,4,4854,331,2025-02-07,2025-02-14,In Transit
427,23,3,3658,650,2024-10-19,2024-10-21,Received
428,42,2,4606,351,2025-01-27,2025-01-31,Received
429,14,3,2244,865,2024-12-08,2024-12-21,Received
430,55,1,806,372,2024-08-08,2024-08-21,Received
431,47,4,3595,757,2025-05-16,2025-05-21,Received
432,89,4,852,262,2024-12-28,2025-01-08,Received
433,74,5,294,60,2024-09-29,2024-10-12,Received
434,15,5,5403,557,2025-03-04,2025-03-07,Received
435,44,3,2166,799,2024-04-10,2024-04-14,Received
436,35,5,3228,605,2025-12-15,2025-12-26,Received
437,63,1,3002,843,2024-08-09,2024-08-15,Received
438,7,1,20,764,2026-01-28,2026-01-31,Received
439,33,4,3362,929,2025-04-11,2025-04-15,Received
440,67,5,1033,759,2026-02-23,2026-03-02,Received
441,65,2,2499,107,2025-03-16,2025-03-28,Received
442,70,1,2226,364,2024-09-24,2024-10-03,Received
443,18,4,573,658,2025-08-11,2025-08-24,Received
444,38,1,3927,177,2025-11-01,2025-11-14,In Transit
445,3,5,3635,569,2025-09-13,2025-09-24,In Transit
446,91,4,1724,506,2025-03-25,2025-03-29,Received
447,84,5,4698,439,2025-12-19,2025-12-26,Received
448,89,5,4909,942,2025-11-22,2025-12-05,Received
449,20,2,1038,659,2026-02-24,2026-03-02,Received
450,20,1,2327,945,2025-02-08,2025-02-15,Received
451,10,3,3305,556,2026-02-07,2026-02-18,Received
452,38,3,348,894,2024-05-15,2024-05-26,Received
453,83,2,145,133,2024-10-09,2024-10-11,Received
454,45,2,4646,647,2024-08-18,2024-08-25,Received
455,62,3,1313,819,2024-08-13,2024-08-15,Delayed
456,29,4,218,179,2024-05-27,2024-06-04,Received
457,45,5,5170,596,2024-04-21,2024-04-27,Received
458,46,5,293,369,2025-09-05,2025-09-08,Received
459,75,5,5214,716,2025-06-15,2025-06-18,In Transit
460,78,2,5266,703,2025-01-15,2025-01-18,Received
461,17,4,5501,288,2024-05-13,2024-05-18,In Transit
462,88,1,2469,105,2026-01-01,2026-01-05,In Transit
463,40,5,4488,169,2025-09-22,2025-10-03,Received
464,64,5,3942,914,2024-04-17,2024-04-27,Received
465,73,4,3893,311,2025-11-22,2025-11-24,Received
466,60,5,960,800,2024-08-06,2024-08-12,Delayed
467,17,3,5903,607,2025-04-25,2025-05-03,Received
468,30,2,2221,135,2026-01-31,2026-02-09,In Transit
469,42,3,2759,498,2025-11-17,2025-11-28,In Transit
470,28,1,5640,624,2024-07-18,2024-07-28,Received
471,38,4,2460,139,2025-05-02,2025-05-07,Received
472,15,2,99,477,2025-03-25,2025-03-27,Received
473,6,1,288,850,2025-07-14,2025-07-20,Delayed
474,66,1,1837,729,2026-01-04,2026-01-16,Received
475,39,4,1724,106,2025-10-20,2025-10-29,In Transit
476,27,3,5127,240,2024-12-27,2025-01-07,Received
477,37,1,5735,717,2025-12-28,2026-01-05,Delayed
478,57,5,2084,614,2025-06-22,2025-06-28,Received
479,71,5,5545,824,2024-04-25,2024-05-04,Delayed
480,88,1,3391,159,2024-04-28,2024-05-10,Received
481,74,5,2703,145,2024-08-29,2024-09-01,Received
482,76,2,5508,70,2025-04-25,2025-05-06,Received
483,19,1,5583,755,2025-07-18,2025-07-22,Received
484,42,5,3859,257,2025-09-27,2025-10-09,Received
485,47,4,4754,918,2024-11-24,2024-12-04,Received
486,51,1,1246,969,2025-01-11,2025-01-21,Received
487,33,2,459,528,2024-11-04,2024-11-14,Received
488,3,4,5934,899,2024-11-09,2024-11-16,Received
489,32,4,4567,553,2025-02-13,2025-02-25,Received
490,46,4,547,184,2024-07-16,2024-07-21,Received
491,33,5,3751,272,2025-05-28,2025-06-05,Received
492,4,5,1910,889,2025-11-12,2025-11-22,Received
493,12,4,2068,899,2024-10-11,2024-10-18,In Transit
494,39,2,3146,973,2026-02-10,2026-02-16,Received
495,76,2,2438,659,2024-06-08,2024-06-13,In Transit
496,20,4,3030,903,2024-05-27,2024-05-29,Received
497,90,2,3599,807,2024-05-09,2024-05-15,Received
498,85,4,2185,564,2025-02-14,2025-02-26,In Transit
499,4,2,424,549,2024-07-27,2024-08-02,Received
500,86,2,3369,377,2024-06-18,2024-06-30,In Transit
501,44,1,3334,500,2024-12-30,2025-01-04,Received
502,35,1,5371,364,2025-03-02,2025-03-12,In Transit
503,74,1,565,968,2025-04-09,2025-04-13,Received
504,38,1,4730,57,2024-12-31,2025-01-09,Received
505,19,3,4263,69,2024-08-18,2024-08-26,Received
506,8,1,4212,760,2025-11-18,2025-11-23,Received
507,61,3,3627,137,2025-11-16,2025-11-27,Received
508,13,3,2032,955,2025-05-17,2025-05-22,Received
509,82,4,4026,117,2025-07-06,2025-07-09,Received
510,69,1,2543,281,2025-11-30,2025-12-08,Received
511,90,4,2784,580,2025-01-20,2025-01-30,Received
512,81,2,4043,413,2024-07-07,2024-07-13,Received
513,11,1,5432,878,2024-11-02,2024-11-05,Received
514,55,3,1263,236,2024-12-01,2024-12-08,Received
515,39,5,3683,165,2025-09-04,2025-09-15,In Transit
516,86,1,4822,753,2025-04-24,2025-05-05,Received
517,63,4,6002,693,2024-07-24,2024-07-26,Received
518,45,1,4159,407,2024-09-28,2024-10-03,Received
519,41,2,4680,999,2024-03-22,2024-04-03,Received
520,15,1,3793,294,2024-06-26,2024-07-08,Received
521,62,5,4878,108,2024-05-09,2024-05-20,Received
522,67,5,3419,856,2025-10-20,2025-10-26,Received
523,83,1,4846,470,2026-01-17,2026-01-19,Received
524,13,2,5048,700,2026-02-12,2026-02-14,Received
525,84,4,897,378,2024-12-02,2024-12-06,Received
526,70,4,1707,116,2024-12-27,2024-12-31,Received
527,12,5,1984,645,2024-11-05,2024-11-10,Received
528,11,3,596,323,2024-10-08,2024-10-12,Delayed
529,47,4,3158,764,2024-09-22,2024-09-26,Received
530,6,2,5590,674,2025-10-25,2025-11-07,Received
531,4,2,967,907,2025-08-16,2025-08-29,Received
532,41,3,3563,624,2024-09-05,2024-09-13,Received
533,43,5,2222,614,2025-01-06,2025-01-10,Received
534,25,5,460,586,2026-02-17,2026-02-22,Received
535,68,5,1482,481,2024-08-23,2024-08-25,Received
536,48,2,1076,877,2024-04-01,2024-04-03,Received
537,21,3,1127,255,2024-12-01,2024-12-03,In Transit
538,16,5,5783,426,2024-06-30,2024-07-09,Received
539,85,2,177,457,2024-09-11,2024-09-16,Received
540,55,4,2316,481,2024-05-13,2024-05-25,Received
541,65,2,31,460,2025-10-22,2025-10-27,Received
542,26,4,3621,164,2025-05-14,2025-05-20,Received
543,4,3,4942,83,2025-11-22,2025-11-26,In Transit
544,13,3,3272,716,2026-02-08,2026-02-16,Received
545,76,5,2183,523,2025-08-18,2025-08-24,In Transit
546,53,3,2461,565,2024-07-08,2024-07-10,Delayed
547,39,3,3416,429,2025-08-15,2025-08-22,Delayed
548,67,5,2839,197,2024-03-26,2024-04-04,Received
549,64,5,1249,66,2025-01-13,2025-01-18,Received
550,80,5,2632,322,2025-12-20,2025-12-22,Received
551,26,3,2224,926,2025-08-18,2025-08-28,Received
552,17,5,2505,945,2024-08-31,2024-09-09,Delayed
553,21,1,4132,840,2025-09-07,2025-09-14,Received
554,79,2,3686,488,2025-12-14,2025-12-18,Received
555,18,2,5645,118,2025-10-21,2025-10-24,Received
556,24,3,3767,496,2024-06-21,2024-06-27,Received
557,52,2,2499,633,2024-05-11,2024-05-16,In Transit
558,48,4,2135,772,2025-01-09,2025-01-19,Received
559,15,3,5698,890,2025-08-07,2025-08-09,Received
560,15,5,12,823,2025-08-14,2025-08-22,Received
561,22,5,5758,919,2024-05-21,2024-05-27,Received
562,9,5,5293,94,2025-04-06,2025-04-14,Received
563,88,4,3885,188,2025-09-30,2025-10-10,In Transit
564,84,5,2646,254,2024-05-14,2024-05-23,Received
565,47,4,2884,338,2025-06-07,2025-06-11,Received
566,7,5,3460,116,2025-09-17,2025-09-23,Received
567,17,2,2262,310,2024-04-26,2024-05-01,Received
568,49,3,5874,852,2025-04-27,2025-05-07,Received
569,56,1,719,181,2025-02-08,2025-02-16,Received
570,3,4,3354,426,2025-12-19,2025-12-28,Received
571,9,4,769,710,2025-08-20,2025-08-31,Received
572,42,3,2603,746,2025-09-17,2025-09-30,Received
573,24,3,2692,189,2026-01-27,2026-02-06,In Transit
574,7,5,1159,295,2025-11-17,2025-11-19,Received
575,1,5,3862,511,2024-03-18,2024-03-27,Received
576,13,5,5586,945,2025-02-06,2025-02-14,Received
577,48,4,1431,782,2024-09-23,2024-09-29,Received
578,28,1,4438,536,2026-02-15,2026-02-18,Received
579,66,2,4564,963,2025-12-10,2025-12-16,Received
580,39,2,712,505,2024-10-14,2024-10-24,Received
581,32,3,6032,433,2024-10-21,2024-11-03,In Transit
582,14,3,1909,646,2025-04-27,2025-05-02,Received
583,42,2,5513,928,2024-12-03,2024-12-07,Received
584,41,5,3431,282,2024-07-02,2024-07-14,Received
585,79,1,5493,183,2025-10-18,2025-10-25,Received
586,79,1,3186,950,2024-09-23,2024-09-28,Received
587,41,5,543,542,2025-08-24,2025-08-27,Received
588,43,1,4761,542,2024-03-27,2024-04-02,Received
589,77,5,2941,449,2024-05-03,2024-05-10,Received
590,89,5,4936,401,2024-07-04,2024-07-17,Received
591,72,4,2218,228,2026-02-22,2026-02-27,Received
592,37,2,5393,728,2025-09-11,2025-09-22,In Transit
593,70,5,448,817,2024-03-13,2024-03-26,Received
594,87,5,3684,524,2024-11-28,2024-12-08,Received
595,65,2,5158,199,2024-06-23,2024-07-04,Received
596,39,1,4038,678,2025-04-03,2025-04-10,Received
597,39,2,6015,246,2024-08-08,2024-08-12,Received
598,3,3,163,505,2026-01-08,2026-01-16,Received
599,73,5,4395,345,2025-08-19,2025-08-21,Received
600,7,3,3527,206,2025-12-29,2026-01-07,Received
601,70,4,1729,654,2024-06-02,2024-06-05,Received
602,6,4,3089,277,2025-08-10,2025-08-13,Received
603,33,5,4182,406,2024-12-15,2024-12-20,In Transit
604,12,3,2599,808,2024-05-31,2024-06-09,Received
605,82,4,3590,766,2024-03-09,2024-03-21,Delayed
606,71,5,5069,745,2026-02-19,2026-02-22,Received
607,53,2,1579,64,2025-07-31,2025-08-07,Received
608,4,4,2479,803,2024-11-06,2024-11-14,Received
609,64,4,3521,574,2024-12-06,2024-12-10,In Transit
610,52,4,1664,682,2025-05-19,2025-05-21,Received
611,31,5,2065,64,2026-01-27,2026-02-04,Received
612,39,2,4683,915,2025-10-01,2025-10-09,Received
613,26,4,2515,989,2025-02-12,2025-02-24,Received
614,81,3,1588,492,2025-12-02,2025-12-13,Received
615,66,3,5421,450,2024-10-19,2024-10-30,Received
616,8,3,2064,909,2025-03-25,2025-04-05,Received
617,85,3,3426,636,2024-06-15,2024-06-20,Received
618,73,2,3853,75,2025-01-02,2025-01-04,Received
619,73,1,2528,394,2025-11-07,2025-11-20,Received
620,57,3,526,702,2025-10-27,2025-11-05,Received
621,7,2,2326,633,2024-08-31,2024-09-09,Received
622,46,3,3536,524,2024-09-26,2024-10-02,Received
623,91,1,265,758,2025-11-29,2025-12-02,In Transit
624,67,1,4046,640,2026-01-24,2026-01-27,Received
625,24,5,1974,657,2024-04-25,2024-05-02,Received
626,83,5,5295,375,2025-08-04,2025-08-07,In Transit
627,54,4,612,633,2025-07-29,2025-08-06,Received
628,41,5,5892,330,2024-03-21,2024-04-02,Received
629,21,5,388,104,2024-04-16,2024-04-25,Received
630,32,5,4356,934,2024-07-02,2024-07-07,Received
631,10,4,2129,691,2024-06-04,2024-06-16,Received
632,48,5,3062,583,2026-01-24,2026-01-26,Received
633,40,4,2640,489,2024-12-03,2024-12-09,Received
634,53,2,298,589,2024-04-30,2024-05-05,Received
635,80,4,279,751,2025-09-20,2025-10-03,Received
636,83,2,4211,733,2025-03-02,2025-03-13,Received
637,14,1,635,411,2025-02-25,2025-03-04,Delayed
638,53,4,327,695,2026-01-01,2026-01-14,Received
639,62,5,530,766,2025-08-23,2025-08-31,Received
640,43,3,284,620,2024-06-08,2024-06-16,Received
641,46,3,3451,569,2025-02-07,2025-02-11,In Transit
642,76,3,4675,571,2024-06-23,2024-06-27,Received
643,58,3,1945,405,2025-01-13,2025-01-21,Received
644,36,5,4937,576,2025-12-09,2025-12-16,Received
645,59,2,416,249,2025-07-23,2025-07-27,Received
646,8,2,815,279,2025-07-06,2025-07-08,Received
647,34,3,239,258,2024-11-09,2024-11-17,Received
648,82,1,4367,461,2024-03-28,2024-04-06,In Transit
649,63,4,405,856,2024-10-28,2024-11-06,Received
650,77,1,1352,198,2025-03-01,2025-03-08,Received
651,38,3,5382,718,2024-08-05,2024-08-07,Received
652,29,3,58,907,2025-02-26,2025-03-04,Received
653,71,1,4409,906,2024-12-09,2024-12-21,Received
654,9,1,1718,660,2025-03-22,2025-04-03,Received
655,70,4,4285,775,2024-11-21,2024-12-01,In Transit
656,89,5,815,909,2024-05-19,2024-06-01,Received
657,58,3,4692,522,2024-04-19,2024-04-30,Received
658,49,2,1904,881,2025-12-10,2025-12-22,Received
659,75,1,3953,254,2025-12-13,2025-12-26,Received
660,82,1,3813,765,2024-11-11,2024-11-23,Received
661,66,2,3177,623,2026-02-20,2026-03-02,Received
662,24,2,10,576,2025-08-25,2025-09-01,Received
663,45,3,1350,910,2025-04-16,2025-04-27,Received
664,4,5,275,872,2024-12-21,2024-12-29,Received
665,85,2,5980,937,2024-08-28,2024-09-03,Delayed
666,65,1,937,899,2024-09-18,2024-09-28,Received
667,46,1,2966,219,2024-11-10,2024-11-20,Received
668,30,4,1247,502,2024-10-17,2024-10-21,Received
669,4,2,5873,946,2024-02-27,2024-03-06,Received
670,58,1,4926,370,2025-03-25,2025-04-02,Received
671,81,4,4157,663,2026-02-25,2026-03-06,Received
672,48,2,240,437,2024-08-01,2024-08-06,Received
673,40,1,1086,639,2025-06-09,2025-06-20,Received
674,14,1,706,417,2024-06-28,2024-07-07,Received
675,59,1,4014,695,2024-08-18,2024-08-27,Received
676,53,4,1854,673,2024-11-28,2024-12-07,Received
677,45,3,620,529,2025-04-30,2025-05-13,Received
678,58,2,1686,138,2025-02-02,2025-02-10,Received
679,42,4,814,544,2024-12-25,2024-12-30,In Transit
680,85,5,5221,615,2024-04-09,2024-04-14,Received
681,13,2,3794,152,2026-01-11,2026-01-16,Received
682,51,5,4978,597,2026-02-16,2026-02-18,Received
683,66,2,1763,333,2025-04-08,2025-04-10,Received
684,13,5,348,452,2024-04-19,2024-04-23,Delayed
685,72,5,2176,225,2025-05-15,2025-05-17,In Transit
686,24,1,1625,722,2026-01-21,2026-01-29,Received
687,71,4,3270,999,2024-12-10,2024-12-23,Received
688,58,5,2107,523,2024-09-15,2024-09-27,Received
689,86,4,3982,109,2025-09-18,2025-09-21,Received
690,89,5,53,233,2024-08-20,2024-09-01,Received
691,5,1,4662,311,2025-02-21,2025-03-06,Received
692,87,3,2842,930,2025-07-23,2025-07-31,Received
693,85,2,4054,300,2024-09-06,2024-09-15,In Transit
694,65,2,618,570,2024-06-13,2024-06-25,Received
695,48,5,4203,704,2024-10-08,2024-10-15,Received
696,59,5,4252,315,2025-09-29,2025-10-11,Received
697,22,5,203,934,2024-03-14,2024-03-27,Received
698,27,1,4049,459,2024-07-20,2024-07-27,Received
699,56,2,3639,80,2025-10-04,2025-10-07,Received
700,8,5,148,849,2024-05-08,2024-05-17,Received
701,57,1,2846,331,2024-11-27,2024-12-01,Received
702,3,2,4369,158,2024-03-08,2024-03-18,Received
703,68,3,1720,692,2025-10-03,2025-10-07,In Transit
704,16,1,104,223,2025-07-07,2025-07-19,Received
705,14,4,1181,364,2024-10-17,2024-10-26,In Transit
706,15,4,3405,277,2025-02-08,2025-02-15,Received
707,11,1,3028,94,2024-09-27,2024-10-08,Received
708,48,4,1731,506,2024-05-17,2024-05-30,Received
709,31,5,5019,228,2025-03-03,2025-03-06,Received
710,62,5,4320,351,2024-10-20,2024-10-26,Delayed
711,42,3,5392,881,2025-01-11,2025-01-13,Received
712,12,5,5685,781,2024-06-27,2024-07-05,Received
713,48,5,3785,638,2026-02-15,2026-02-19,Received
714,42,5,3372,682,2024-09-21,2024-10-01,Received
715,69,5,3885,844,2024-08-13,2024-08-21,Received
716,34,5,5107,206,2024-11-14,2024-11-22,In Transit
717,67,5,1926,327,2025-04-04,2025-04-10,Received
718,63,5,3489,129,2025-06-12,2025-06-21,Received
719,15,4,2111,945,2026-01-12,2026-01-17,Received
720,20,1,1295,117,2024-07-04,2024-07-11,Received
721,14,5,3990,751,2025-08-20,2025-08-22,In Transit
722,47,4,1039,949,2025-01-18,2025-01-29,Received
723,9,5,1167,908,2024-07-27,2024-08-02,Received
724,13,3,3183,810,2024-08-29,2024-09-08,In Transit
725,3,5,1996,880,2025-09-15,2025-09-25,Received
726,66,4,4551,320,2026-02-02,2026-02-12,Received
727,48,2,5886,71,2024-05-12,2024-05-14,Received
728,13,4,5649,277,2025-10-12,2025-10-16,Received
729,65,1,4682,486,2024-06-01,2024-06-10,Received
730,37,5,5168,672,2025-07-01,2025-07-08,Received
731,64,5,1373,667,2024-06-28,2024-07-03,Received
732,37,1,4838,986,2024-11-07,2024-11-12,Received
733,11,4,3634,825,2024-06-12,2024-06-16,Received
734,15,1,3935,286,2025-04-22,2025-04-29,In Transit
735,10,3,3633,854,2024-11-10,2024-11-19,Received
736,68,4,1662,606,2024-08-04,2024-08-14,Received
737,10,4,4606,923,2025-05-10,2025-05-13,Received
738,70,1,838,223,2024-03-17,2024-03-30,Received
739,20,4,4327,398,2024-03-04,2024-03-15,Received
740,20,4,2052,943,2024-08-16,2024-08-24,Received
741,84,2,3210,316,2025-06-13,2025-06-19,In Transit
742,46,5,17,568,2024-12-17,2024-12-23,Received
743,33,1,3654,754,2025-03-10,2025-03-19,Received
744,81,5,5958,261,2024-04-21,2024-05-01,Delayed
745,34,2,5094,132,2025-11-29,2025-12-01,Received
746,77,3,238,474,2024-07-04,2024-07-17,Received
747,63,4,3985,866,2025-10-24,2025-11-05,In Transit
748,19,2,4781,486,2024-09-22,2024-10-01,Delayed
749,66,3,3291,342,2024-08-30,2024-09-08,In Transit
750,33,4,4475,595,2025-06-15,2025-06-28,In Transit
751,59,5,2739,764,2026-01-23,2026-01-31,In Transit
752,54,3,5075,86,2026-02-23,2026-03-06,Received
753,27,3,481,545,2024-02-26,2024-03-02,Received
754,14,3,194,612,2024-04-01,2024-04-04,Received
755,84,5,4569,768,2025-04-04,2025-04-11,Received
756,1,2,290,712,2024-08-03,2024-08-12,Received
757,6,5,5764,604,2024-11-01,2024-11-11,Received
758,81,3,5176,430,2025-10-25,2025-10-28,In Transit
759,17,4,1452,747,2024-05-09,2024-05-12,Received
760,16,2,3707,52,2024-12-26,2025-01-02,Received
761,54,2,4000,203,2025-06-06,2025-06-11,Received
762,37,2,3470,629,2024-04-09,2024-04-15,Received
763,60,2,1702,653,2026-02-11,2026-02-22,Received
764,14,1,1384,88,2026-01-24,2026-02-03,In Transit
765,86,1,5677,761,2025-07-02,2025-07-15,In Transit
766,22,4,5047,103,2025-03-21,2025-03-28,Received
767,70,3,1002,452,2024-12-06,2024-12-19,Received
768,68,5,1631,606,2024-04-28,2024-05-07,Received
769,35,3,939,361,2024-07-05,2024-07-09,Received
770,59,4,4497,585,2024-03-28,2024-04-06,In Transit
771,17,1,2471,921,2025-07-06,2025-07-13,Received
772,21,5,3014,369,2024-09-10,2024-09-14,Received
773,84,4,2193,539,2024-11-23,2024-12-01,Received
774,42,4,3994,945,2025-05-09,2025-05-11,Received
775,72,1,5712,625,2025-10-07,2025-10-14,Received
776,84,1,1979,222,2024-07-16,2024-07-24,Received
777,79,3,1285,326,2025-08-20,2025-08-29,Received
778,5,4,4192,73,2024-03-31,2024-04-06,Delayed
779,78,3,1282,507,2025-06-19,2025-06-30,Received
780,17,5,2108,882,2025-07-15,2025-07-21,Received
781,6,4,4249,781,2026-02-16,2026-02-20,Received
782,64,2,4774,275,2025-01-27,2025-02-06,In Transit
783,66,1,3006,612,2026-01-20,2026-01-27,In Transit
784,86,3,131,496,2025-10-03,2025-10-13,Received
785,36,2,4525,737,2025-09-20,2025-09-27,Received
786,45,5,4242,889,2024-04-07,2024-04-14,Received
787,84,3,2671,823,2025-10-12,2025-10-23,Received
788,78,3,2644,548,2025-10-03,2025-10-06,Received
789,70,3,5355,127,2025-09-18,2025-10-01,In Transit
790,64,2,3411,707,2025-11-24,2025-11-29,Received
791,86,5,2239,671,2024-07-18,2024-07-25,Received
792,70,1,499,206,2024-03-05,2024-03-11,Delayed
793,58,4,188,883,2024-04-29,2024-05-01,Received
794,40,4,4758,968,2025-01-01,2025-01-07,Received
795,46,2,2578,528,2025-09-23,2025-09-26,Received
796,32,1,2912,672,2025-05-19,2025-06-01,Received
797,42,3,4053,519,2024-10-22,2024-10-28,Received
798,1,1,2661,442,2024-12-17,2024-12-30,Received
799,48,2,3026,782,2025-01-24,2025-02-06,Received
800,7,5,962,430,2024-06-02,2024-06-05,Received
801,76,5,4582,431,2025-09-27,2025-09-30,Received
802,75,2,2523,455,2025-03-26,2025-04-03,Received
803,53,3,5117,437,2025-10-01,2025-10-07,Received
804,8,5,3421,744,2025-04-16,2025-04-29,Received
805,37,1,2855,377,2025-03-05,2025-03-10,Received
806,85,2,2534,75,2025-04-01,2025-04-06,In Transit
807,82,5,1336,592,2024-08-26,2024-09-07,Received
808,1,3,5275,819,2025-01-11,2025-01-20,Received
809,2,4,5089,659,2025-01-26,2025-02-08,Received
810,82,5,1831,941,2025-06-08,2025-06-20,Received
811,38,3,5725,920,2026-02-07,2026-02-20,Received
812,22,4,4532,526,2024-08-20,2024-08-28,Received
813,4,4,1865,566,2025-07-02,2025-07-08,Delayed
814,55,3,5337,745,2024-12-08,2024-12-20,Received
815,26,1,2283,179,2024-09-24,2024-10-05,Received
816,35,1,3645,947,2025-08-02,2025-08-07,Received
817,62,5,737,650,2026-02-19,2026-03-02,Received
818,82,4,6004,942,2025-02-14,2025-02-20,Received
819,23,3,2152,260,2026-01-30,2026-02-07,In Transit
820,12,2,1114,179,2025-12-15,2025-12-18,Received
821,74,3,5667,169,2024-12-12,2024-12-18,Received
822,10,3,5960,833,2025-05-26,2025-06-06,Received
823,46,3,5674,745,2025-01-28,2025-01-30,Received
824,7,1,2343,862,2025-11-28,2025-12-05,Received
825,68,4,3437,824,2025-03-29,2025-04-10,Received
826,3,2,5339,905,2024-03-27,2024-04-06,Received
827,69,2,5427,935,2024-04-21,2024-05-02,Received
828,16,1,1142,404,2025-02-23,2025-02-25,Received
829,33,1,5725,945,2025-07-26,2025-08-07,Received
830,49,2,2476,312,2025-02-07,2025-02-09,Received
831,12,2,2269,304,2025-03-20,2025-03-25,Received
832,30,3,4160,317,2025-04-24,2025-04-27,Delayed
833,22,5,2963,384,2025-04-17,2025-04-29,Received
834,32,3,3290,133,2024-07-01,2024-07-14,Received
835,23,2,5016,682,2024-03-01,2024-03-04,Received
836,45,2,5613,866,2026-02-08,2026-02-14,Received
837,52,1,271,539,2025-09-22,2025-10-02,Received
838,51,4,4249,389,2025-01-01,2025-01-11,Received
839,54,3,4404,155,2024-10-29,2024-11-03,Received
840,75,3,4814,223,2024-07-07,2024-07-11,In Transit
841,68,3,4886,324,2025-12-04,2025-12-07,Received
842,44,3,89,134,2024-12-15,2024-12-17,Received
843,17,1,5119,488,2024-07-19,2024-07-21,Received
844,52,3,5469,813,2024-10-05,2024-10-07,Received
845,49,1,1344,353,2025-04-14,2025-04-19,Received
846,26,1,441,896,2024-07-27,2024-08-02,Received
847,6,4,3611,151,2025-06-21,2025-06-28,Received
848,59,1,4290,465,2024-06-10,2024-06-22,Received
849,30,1,2857,736,2024-11-10,2024-11-22,Received
850,52,5,1355,279,2025-05-17,2025-05-24,Received
851,19,3,2037,994,2024-12-29,2025-01-05,Received
852,38,2,946,439,2025-11-25,2025-12-04,Received
853,69,3,165,510,2026-01-25,2026-01-30,Received
854,18,3,346,352,2025-12-07,2025-12-20,Received
855,5,2,1737,675,2026-02-07,2026-02-20,Received
856,27,5,1132,832,2024-04-16,2024-04-25,Received
857,57,5,4943,487,2024-09-05,2024-09-14,In Transit
858,20,3,101,452,2025-10-06,2025-10-12,In Transit
859,57,4,1030,702,2026-02-17,2026-03-02,Received
860,87,2,2760,448,2025-09-15,2025-09-17,Received
861,59,1,931,670,2024-06-09,2024-06-21,Received
862,75,3,3033,830,2025-10-10,2025-10-16,Delayed
863,41,5,317,360,2026-02-19,2026-02-21,In Transit
864,13,1,2215,201,2025-06-02,2025-06-09,In Transit
865,88,5,1680,727,2025-09-27,2025-10-01,In Transit
866,10,1,1166,849,2025-07-18,2025-07-22,Received
867,23,3,5749,758,2025-11-22,2025-11-29,Received
868,50,1,98,862,2024-08-12,2024-08-15,Received
869,85,5,5826,117,2024-10-02,2024-10-05,Received
870,1,1,1532,466,2024-05-07,2024-05-12,In Transit
871,62,1,2710,931,2025-08-23,2025-08-25,Received
872,48,2,5653,841,2025-10-09,2025-10-16,Received
873,44,4,2170,945,2024-07-01,2024-07-10,Received
874,8,4,4932,264,2025-10-31,2025-11-03,Received
875,61,2,481,328,2025-01-31,2025-02-11,Received
876,85,3,2169,511,2025-01-20,2025-01-30,Received
877,31,3,5408,515,2025-11-02,2025-11-11,Received
878,81,5,1445,436,2025-11-04,2025-11-15,Delayed
879,57,5,6008,372,2025-10-31,2025-11-10,In Transit
880,73,4,3293,283,2024-07-15,2024-07-27,In Transit
881,55,2,3076,348,2025-12-04,2025-12-13,Received
882,18,4,1881,732,2025-12-06,2025-12-08,Received
883,46,4,4130,293,2025-11-29,2025-12-01,In Transit
884,15,1,3762,223,2026-01-24,2026-01-30,Received
885,30,5,1564,839,2025-05-10,2025-05-17,Received
886,36,5,433,260,2025-04-06,2025-04-11,Received
887,13,4,1418,102,2025-10-16,2025-10-24,Received
888,83,5,1944,400,2024-07-13,2024-07-19,In Transit
889,47,2,5869,586,2024-04-29,2024-05-08,Received
890,63,3,13,463,2024-05-15,2024-05-28,Received
891,53,3,5890,859,2025-01-07,2025-01-13,In Transit
892,66,3,2561,848,2024-03-03,2024-03-12,In Transit
893,45,4,4750,697,2024-10-02,2024-10-14,In Transit
894,4,2,1969,408,2025-01-29,2025-02-08,Received
895,28,4,2592,726,2025-06-06,2025-06-15,Received
896,17,2,3510,141,2025-04-22,2025-05-03,Received
897,26,5,3240,598,2025-09-18,2025-10-01,Received
898,80,2,2798,949,2024-04-20,2024-04-28,Received
899,40,2,4531,329,2025-01-04,2025-01-12,In Transit
900,69,2,1577,564,2024-09-24,2024-10-02,Received
901,1,1,3027,696,2025-08-15,2025-08-18,Received
902,83,3,3235,665,2025-11-04,2025-11-08,Received
903,48,5,5781,671,2024-09-04,2024-09-17,In Transit
904,2,3,5642,722,2024-07-03,2024-07-12,Received
905,68,4,1306,96,2024-10-26,2024-11-07,In Transit
906,16,1,1072,990,2024-04-05,2024-04-08,In Transit
907,30,4,688,463,2025-05-22,2025-05-29,Received
908,39,1,2262,72,2025-01-25,2025-02-06,Received
909,38,3,822,472,2025-01-21,2025-01-24,Delayed
910,53,2,3719,833,2025-05-01,2025-05-14,Received
911,51,1,5102,84,2025-07-16,2025-07-23,Received
912,64,3,6027,291,2024-05-25,2024-05-29,Received
913,53,5,5879,825,2025-11-24,2025-12-06,Received
914,3,1,1559,677,2026-01-04,2026-01-13,Received
915,22,1,2887,141,2024-04-25,2024-05-07,In Transit
916,42,1,589,227,2024-08-13,2024-08-26,Received
917,37,1,4196,580,2024-11-01,2024-11-13,Received
918,28,4,5240,458,2024-07-27,2024-08-05,Received
919,19,2,3551,405,2025-02-21,2025-02-26,Delayed
920,21,5,2434,813,2024-07-18,2024-07-27,Received
921,41,3,5485,470,2025-10-22,2025-10-27,Received
922,63,4,3052,551,2024-09-01,2024-09-04,Received
923,60,2,2861,523,2025-12-08,2025-12-16,Received
924,36,4,418,806,2025-07-21,2025-07-30,Received
925,69,1,75,160,2024-11-28,2024-12-10,In Transit
926,35,5,2572,775,2024-07-05,2024-07-08,Received
927,81,1,5309,585,2025-08-25,2025-09-05,Received
928,65,4,1531,642,2025-12-25,2025-12-28,In Transit
929,66,2,2003,474,2024-07-13,2024-07-22,Received
930,4,2,2997,667,2024-10-13,2024-10-26,Received
931,81,4,604,213,2024-03-10,2024-03-16,Received
932,32,1,5284,586,2024-05-15,2024-05-28,Received
933,17,1,4958,397,2025-01-16,2025-01-24,In Transit
934,49,1,3013,494,2026-01-08,2026-01-16,Received
935,66,2,5313,662,2024-06-30,2024-07-12,Received
936,86,3,2750,758,2025-07-01,2025-07-09,Received
937,67,2,3681,505,2024-11-25,2024-12-04,Received
938,75,1,4789,669,2025-12-05,2025-12-10,Received
939,58,4,2274,459,2025-01-17,2025-01-23,Received
940,89,2,5649,988,2025-02-17,2025-02-21,Received
941,89,1,4601,942,2024-10-16,2024-10-21,Received
942,9,3,4923,295,2025-03-20,2025-03-30,Received
943,67,2,295,473,2025-12-15,2025-12-19,Received
944,74,1,2642,344,2025-10-23,2025-11-01,Received
945,80,1,1502,537,2026-02-18,2026-03-01,Received
946,18,4,2376,204,2025-02-10,2025-02-14,Received
947,70,1,5056,551,2024-04-03,2024-04-12,Received
948,72,1,5948,506,2024-08-20,2024-08-29,Received
949,7,3,4116,399,2025-09-10,2025-09-19,Received
950,77,3,4907,694,2024-04-23,2024-05-04,In Transit
951,91,1,2653,202,2024-12-18,2024-12-27,Received
952,39,1,4443,637,2024-06-16,2024-06-20,Received
953,39,4,2209,231,2024-04-03,2024-04-09,Received
954,81,4,3828,741,2024-03-13,2024-03-17,Received
955,4,2,5880,147,2024-09-21,2024-10-04,Received
956,77,3,820,292,2025-02-09,2025-02-14,Received
957,49,4,2612,152,2024-04-25,2024-05-07,Received
958,53,5,4841,349,2025-12-25,2026-01-03,Received
959,84,1,794,124,2024-02-28,2024-03-04,Received
960,26,1,509,490,2024-07-14,2024-07-24,Received
961,19,1,4101,308,2025-03-03,2025-03-11,Received
962,62,1,1332,853,2024-03-11,2024-03-19,Received
963,69,4,4581,155,2026-01-30,2026-02-06,Received
964,4,4,1252,663,2026-01-09,2026-01-19,In Transit
965,29,5,225,599,2024-09-16,2024-09-21,In Transit
966,21,3,5013,68,2025-11-08,2025-11-14,Received
967,38,4,2210,191,2024-06-22,2024-06-25,Received
968,49,1,5504,384,2024-07-16,2024-07-22,Received
969,30,3,2619,990,2024-09-13,2024-09-23,Received
970,32,1,4185,306,2024-11-26,2024-12-01,Received
971,67,1,1147,572,2024-06-30,2024-07-06,Received
972,31,1,642,337,2025-10-16,2025-10-28,Received
973,73,4,5325,347,2024-07-05,2024-07-12,Received
974,45,1,1432,148,2025-11-29,2025-12-03,Received
975,17,5,3630,406,2026-01-09,2026-01-13,Received
976,35,1,5185,817,2025-11-15,2025-11-19,Received
977,28,4,3285,64,2025-11-14,2025-11-21,In Transit
978,49,4,4971,797,2024-05-03,2024-05-06,Received
979,72,4,4453,374,2026-02-12,2026-02-19,Received
980,81,1,1950,570,2025-08-31,2025-09-05,Received
981,72,5,138,835,2024-12-14,2024-12-26,Received
982,53,3,3124,792,2024-11-06,2024-11-10,Received
983,23,4,5923,871,2025-04-08,2025-04-20,In Transit
984,31,1,2354,112,2024-03-21,2024-03-24,Received
985,15,1,5771,874,2025-06-07,2025-06-15,Received
986,20,2,5158,909,2025-01-21,2025-01-25,Received
987,63,2,9,402,2025-10-25,2025-11-01,Received
988,39,5,3641,563,2024-03-30,2024-04-04,Received
989,36,2,133,480,2026-01-29,2026-02-05,Received
990,75,3,243,103,2024-11-30,2024-12-04,Received
991,85,4,5841,859,2024-12-30,2025-01-12,In Transit
992,43,2,1442,53,2025-10-31,2025-11-10,Received
993,56,5,2681,446,2025-02-03,2025-02-15,Received
994,44,2,5748,51,2025-07-26,2025-07-29,In Transit
995,10,5,4081,567,2026-01-17,2026-01-26,Received
996,2,2,771,888,2024-04-14,2024-04-25,Received
997,7,2,1725,713,2024-10-31,2024-11-02,In Transit
998,38,2,2558,603,2025-11-26,2025-12-09,Delayed
999,75,4,5270,712,2024-09-24,2024-10-03,Received
1000,35,3,3617,866,2024-03-19,2024-03-25,Received
1001,75,1,2109,899,2024-12-17,2024-12-30,Received
1002,19,4,3884,221,2025-08-04,2025-08-07,Received
1003,66,1,3104,257,2025-07-21,2025-07-26,Received
1004,2,5,5318,328,2024-07-08,2024-07-12,Received
1005,33,5,1810,116,2025-03-05,2025-03-11,Received
1006,19,5,5416,381,2025-08-18,2025-08-31,Delayed
1007,13,2,5676,62,2026-01-24,2026-02-04,Received
1008,23,3,5099,58,2024-06-25,2024-07-05,Received
1009,25,4,977,226,2025-11-01,2025-11-09,Delayed
1010,3,3,224,369,2024-06-05,2024-06-16,In Transit
1011,35,4,5583,785,2024-07-18,2024-07-26,Received
1012,26,3,4688,121,2024-03-19,2024-03-30,Received
1013,67,1,2198,440,2026-02-08,2026-02-19,Received
1014,4,2,4970,139,2024-06-13,2024-06-17,Received
1015,40,4,4366,976,2025-10-30,2025-11-05,Received
1016,54,4,5936,269,2026-01-28,2026-02-09,Received
1017,23,4,3256,810,2025-10-18,2025-10-28,Received
1018,53,1,5508,674,2025-02-05,2025-02-13,Received
1019,13,2,3287,688,2025-04-27,2025-05-04,Received
1020,41,5,3772,312,2024-10-14,2024-10-22,Received
1021,48,3,2530,929,2024-10-05,2024-10-07,Received
1022,48,5,3813,958,2025-07-07,2025-07-17,Received
1023,16,4,1516,883,2024-06-30,2024-07-07,Received
1024,60,5,3308,186,2024-07-25,2024-08-06,Received
1025,27,3,846,775,2024-05-12,2024-05-24,Received
1026,1,1,4885,593,2025-04-08,2025-04-19,Received
1027,36,5,2877,966,2025-10-19,2025-10-24,Received
1028,27,1,5427,488,2026-01-11,2026-01-19,Received
1029,91,3,5126,968,2025-09-03,2025-09-16,Received
1030,35,2,3822,310,2024-10-27,2024-11-04,Received
1031,45,3,1851,457,2025-07-18,2025-07-31,Received
1032,14,1,4483,633,2025-04-02,2025-04-10,Received
1033,62,5,2522,263,2025-04-25,2025-05-01,In Transit
1034,76,2,5911,466,2025-04-20,2025-04-28,Received
1035,78,4,3617,324,2024-03-23,2024-03-27,In Transit
1036,48,3,2600,890,2024-04-02,2024-04-09,Received
1037,21,4,2694,387,2025-03-17,2025-03-29,Received
1038,61,5,5545,647,2024-02-28,2024-03-10,Received
1039,83,5,1401,112,2024-05-23,2024-05-27,Received
1040,22,1,60,227,2025-06-18,2025-06-23,Received
1041,11,3,3456,482,2025-06-14,2025-06-24,Received
1042,85,5,4042,155,2025-12-09,2025-12-16,Delayed
1043,59,2,1814,604,2025-12-02,2025-12-06,In Transit
1044,9,5,254,910,2025-02-10,2025-02-14,Received
1045,60,4,2485,556,2024-07-12,2024-07-19,In Transit
1046,71,3,1961,190,2025-02-14,2025-02-21,Received
1047,16,3,3666,693,2025-03-05,2025-03-12,Received
1048,26,1,5849,409,2025-04-14,2025-04-21,Received
1049,88,5,1776,835,2024-06-28,2024-07-06,Received
1050,75,3,2618,756,2025-04-15,2025-04-17,Received
1051,44,4,2073,515,2024-08-03,2024-08-14,Received
1052,26,2,3908,304,2026-01-05,2026-01-13,Received
1053,42,2,1337,959,2025-01-18,2025-01-26,Received
1054,65,5,3657,364,2024-06-25,2024-06-29,In Transit
1055,53,1,338,850,2025-06-08,2025-06-13,Received
1056,51,3,1394,973,2024-03-17,2024-03-20,Received
1057,19,2,4507,575,2025-07-01,2025-07-14,Received
1058,13,3,4279,918,2025-04-26,2025-05-09,Received
1059,90,2,2038,353,2025-04-05,2025-04-09,Received
1060,68,2,3095,749,2025-09-03,2025-09-12,Received
1061,53,5,4573,945,2024-12-27,2024-12-30,Received
1062,71,4,2897,286,2024-08-28,2024-09-08,Received
1063,46,1,5140,479,2025-07-06,2025-07-18,Received
1064,8,2,4804,233,2025-02-01,2025-02-07,Received
1065,54,3,3076,88,2025-01-28,2025-01-31,In Transit
1066,55,5,2752,92,2024-03-21,2024-03-30,Received
1067,70,5,882,275,2024-08-25,2024-08-28,In Transit
1068,9,2,2015,248,2024-11-10,2024-11-13,Received
1069,70,2,5144,587,2025-11-16,2025-11-27,Received
1070,54,3,25,69,2024-06-03,2024-06-13,Received
1071,27,3,4042,926,2025-08-21,2025-08-23,In Transit
1072,70,4,507,334,2025-03-12,2025-03-17,Delayed
1073,52,5,2701,991,2024-11-18,2024-11-22,In Transit
1074,9,4,5401,515,2025-07-18,2025-07-27,Received
1075,71,1,5524,747,2024-07-30,2024-08-02,Received
1076,11,2,2464,312,2025-11-14,2025-11-23,Delayed
1077,43,2,5770,147,2025-03-20,2025-03-26,Received
1078,77,2,2184,984,2024-04-14,2024-04-27,Received
1079,17,4,3083,564,2024-07-23,2024-07-29,Received
1080,69,4,1721,522,2024-06-09,2024-06-13,Received
1081,87,2,455,425,2026-02-05,2026-02-07,Received
1082,83,3,5587,520,2025-12-15,2025-12-17,Received
1083,18,2,4963,204,2026-01-11,2026-01-16,Received
1084,36,5,1258,975,2026-01-30,2026-02-01,Received
1085,53,3,3885,372,2025-07-26,2025-07-29,Received
1086,54,3,1054,407,2024-08-21,2024-08-24,Received
1087,16,5,1311,830,2024-04-29,2024-05-06,Received
1088,57,5,3748,97,2025-09-07,2025-09-19,Received
1089,88,3,4243,97,2025-10-23,2025-10-26,Received
1090,6,3,2962,866,2025-08-25,2025-08-30,Received
1091,12,3,3450,384,2025-09-26,2025-10-06,Received
1092,54,2,2689,438,2025-05-08,2025-05-21,Delayed
1093,45,4,5762,746,2024-09-18,2024-09-29,In Transit
1094,59,1,767,149,2025-12-02,2025-12-13,Received
1095,20,3,2727,140,2025-01-28,2025-02-09,Received
1096,75,1,1401,804,2025-07-05,2025-07-15,Delayed
1097,8,5,5062,440,2025-08-06,2025-08-09,Received
1098,21,2,1947,523,2025-11-27,2025-12-09,Received
1099,52,4,2476,826,2024-12-06,2024-12-12,In Transit
1100,37,3,1905,851,2024-03-25,2024-03-31,Received
1101,72,5,2731,184,2025-08-19,2025-08-25,Received
1102,58,2,2866,755,2025-03-05,2025-03-17,Received
1103,69,3,1370,480,2025-10-16,2025-10-22,In Transit
1104,31,2,1662,751,2025-05-03,2025-05-07,Received
1105,61,5,1237,735,2025-08-08,2025-08-11,Delayed
1106,25,4,1247,710,2025-12-09,2025-12-17,Received
1107,54,1,2949,889,2024-07-16,2024-07-23,Received
1108,52,2,465,576,2024-04-09,2024-04-14,Received
1109,90,2,1843,951,2025-04-24,2025-05-01,Received
1110,73,1,135,542,2024-06-04,2024-06-10,Received
1111,51,5,2048,506,2026-02-12,2026-02-19,In Transit
1112,37,2,5503,557,2025-06-23,2025-06-26,Received
1113,68,5,2143,458,2024-09-29,2024-10-07,Delayed
1114,35,3,3726,244,2025-11-13,2025-11-16,Received
1115,48,3,4408,960,2025-05-22,2025-06-01,Received
1116,45,1,5911,860,2025-10-10,2025-10-22,Received
1117,47,1,5528,258,2025-02-28,2025-03-10,In Transit
1118,88,2,4871,922,2026-01-07,2026-01-11,Received
1119,7,5,5283,393,2024-07-02,2024-07-04,Received
1120,16,3,2320,246,2025-03-09,2025-03-19,In Transit
1121,35,2,5237,968,2024-04-20,2024-04-30,Received
1122,64,3,5925,664,2025-09-13,2025-09-15,Received
1123,42,2,690,654,2025-06-18,2025-06-28,Received
1124,12,3,4508,492,2025-10-29,2025-11-03,Received
1125,33,4,5907,116,2024-03-18,2024-03-29,In Transit
1126,30,4,2394,552,2024-04-01,2024-04-08,Received
1127,59,4,624,410,2024-05-02,2024-05-11,Received
1128,83,2,3856,386,2025-12-13,2025-12-26,Received
1129,14,5,4365,212,2025-10-24,2025-10-31,Received
1130,50,1,5588,343,2025-08-02,2025-08-05,Received
1131,50,2,3645,74,2024-03-04,2024-03-16,Received
1132,22,2,5223,357,2025-06-17,2025-06-22,Received
1133,86,4,1804,374,2025-05-15,2025-05-19,Received
1134,90,5,737,649,2025-12-09,2025-12-22,Received
1135,19,5,4535,439,2024-07-12,2024-07-21,Received
1136,1,3,1575,104,2025-10-29,2025-11-06,Received
1137,79,1,1233,329,2024-08-29,2024-09-08,Received
1138,62,3,1055,783,2024-04-25,2024-05-04,Received
1139,27,1,3485,369,2026-01-12,2026-01-15,Received
1140,19,4,4814,750,2025-09-15,2025-09-19,Received
1141,18,3,3533,655,2024-05-05,2024-05-14,Received
1142,76,2,5388,413,2025-03-27,2025-04-09,Received
1143,70,4,462,154,2024-11-04,2024-11-15,Received
1144,34,2,4671,917,2026-01-04,2026-01-15,In Transit
1145,40,3,2940,276,2025-06-22,2025-06-26,In Transit
1146,17,5,3071,782,2025-06-04,2025-06-14,Received
1147,4,1,5665,931,2025-11-12,2025-11-20,Received
1148,5,1,4393,249,2025-09-22,2025-09-24,Received
1149,39,4,4811,155,2024-10-31,2024-11-05,Delayed
1150,67,1,4979,430,2024-06-24,2024-06-27,Received
1151,68,5,914,426,2024-12-02,2024-12-12,Received
1152,7,5,3978,384,2026-02-08,2026-02-14,Received
1153,68,5,5464,400,2025-11-21,2025-11-26,Received
1154,72,2,2267,216,2024-05-01,2024-05-03,Received
1155,74,5,1980,470,2024-06-30,2024-07-08,Received
1156,58,2,4739,439,2024-05-08,2024-05-11,In Transit
1157,25,3,5333,881,2024-07-29,2024-08-10,Received
1158,2,3,3291,280,2024-10-04,2024-10-14,Received
1159,74,1,5617,221,2024-10-08,2024-10-12,In Transit
1160,1,5,194,716,2024-06-23,2024-07-06,Received
1161,8,4,4282,627,2025-08-24,2025-08-28,Received
1162,27,2,4989,478,2024-08-20,2024-08-28,Received
1163,2,2,5602,998,2025-01-24,2025-01-30,In Transit
1164,65,2,2496,251,2024-05-26,2024-06-06,Received
1165,71,4,2193,122,2025-02-16,2025-02-18,Received
1166,57,2,51,387,2024-03-27,2024-04-08,Received
1167,54,2,3582,523,2024-04-25,2024-05-03,Received
1168,53,1,4693,296,2024-11-14,2024-11-20,Received
1169,14,2,1173,217,2025-03-17,2025-03-27,In Transit
1170,21,3,1422,123,2024-06-10,2024-06-15,Received
1171,21,5,2056,598,2024-12-28,2024-12-30,Received
1172,39,3,1301,189,2025-08-30,2025-09-06,Received
1173,41,1,1736,375,2025-10-22,2025-10-28,Received
1174,23,4,4703,690,2025-09-25,2025-09-27,Received
1175,43,4,365,726,2025-03-30,2025-04-04,Received
1176,57,5,2438,448,2025-04-05,2025-04-16,Received
1177,20,3,4449,531,2025-11-01,2025-11-08,In Transit
1178,51,1,2121,844,2025-10-23,2025-11-04,Received
1179,83,1,3327,503,2025-05-11,2025-05-23,Received
1180,68,5,5448,941,2024-10-19,2024-10-31,Received
1181,25,3,4682,173,2024-04-14,2024-04-27,Received
1182,11,2,4808,989,2026-01-21,2026-01-26,Received
1183,4,3,2614,332,2024-06-17,2024-06-27,Received
1184,87,2,4016,365,2025-08-23,2025-09-03,In Transit
1185,11,4,2522,994,2024-12-08,2024-12-14,Received
1186,41,2,2246,897,2025-03-10,2025-03-14,In Transit
1187,32,4,1490,890,2024-05-01,2024-05-03,In Transit
1188,54,4,233,819,2024-12-14,2024-12-21,Received
1189,90,5,158,307,2024-10-03,2024-10-12,Received
1190,90,4,2081,765,2025-08-08,2025-08-17,In Transit
1191,80,1,5069,670,2026-01-24,2026-02-05,Received
1192,10,3,1097,699,2025-03-07,2025-03-20,Received
1193,39,2,5116,156,2025-08-12,2025-08-20,Received
1194,69,4,4984,162,2024-07-14,2024-07-18,Received
1195,17,5,4442,580,2025-10-16,2025-10-20,Received
1196,42,4,595,161,2025-10-31,2025-11-05,Received
1197,7,3,2449,989,2025-04-02,2025-04-04,Received
1198,5,1,421,777,2025-02-09,2025-02-15,Received
1199,30,3,3328,470,2025-05-10,2025-05-20,Received
1200,49,2,5599,671,2025-04-08,2025-04-21,Received
1201,27,3,2505,702,2024-12-17,2024-12-27,In Transit
1202,43,2,600,733,2025-12-10,2025-12-22,Received
1203,59,2,5565,619,2025-09-23,2025-09-26,Received
1204,2,5,108,566,2026-01-18,2026-01-28,Received
1205,28,5,2441,707,2025-03-28,2025-03-31,Received
1206,62,2,3521,685,2025-05-26,2025-06-05,Received
1207,19,5,1475,575,2025-05-21,2025-05-23,Received
1208,1,1,3171,928,2025-12-27,2026-01-06,In Transit
1209,74,1,1553,819,2024-04-05,2024-04-15,Received
1210,83,2,2303,616,2026-01-20,2026-01-24,Delayed
1211,2,4,3789,894,2024-06-19,2024-06-22,Received
1212,74,1,555,609,2025-10-19,2025-10-21,Received
1213,24,1,536,148,2024-08-05,2024-08-09,In Transit
1214,16,5,3943,788,2024-06-09,2024-06-15,Received
1215,17,3,5451,111,2024-08-18,2024-08-27,In Transit
1216,84,4,3358,322,2024-07-19,2024-07-23,Received
1217,78,2,865,240,2025-06-23,2025-07-04,Received
1218,7,2,3002,756,2025-02-07,2025-02-10,Received
1219,14,4,4616,183,2026-02-22,2026-03-06,Received
1220,11,4,3059,124,2024-07-29,2024-08-07,Received
1221,84,2,2026,900,2025-07-10,2025-07-22,In Transit
1222,75,5,1037,727,2024-09-30,2024-10-03,Received
1223,34,1,1048,661,2025-06-09,2025-06-15,Received
1224,31,2,4060,778,2025-08-04,2025-08-15,Received
1225,26,3,4980,102,2024-09-29,2024-10-04,Delayed
1226,29,3,5876,566,2025-01-23,2025-01-28,Received
1227,86,3,4193,227,2024-10-22,2024-11-04,Received
1228,3,1,5142,976,2024-04-05,2024-04-12,Received
1229,5,3,448,375,2025-08-15,2025-08-18,Received
1230,75,4,1176,426,2025-09-14,2025-09-27,Received
1231,32,4,1525,684,2025-07-06,2025-07-11,Received
1232,91,3,2469,892,2024-04-04,2024-04-16,Received
1233,11,2,2442,181,2024-03-07,2024-03-17,Received
1234,23,3,3330,933,2024-08-16,2024-08-26,Received
1235,70,2,2812,601,2025-06-27,2025-07-06,Received
1236,24,2,4191,269,2024-05-10,2024-05-20,Received
1237,42,1,4990,340,2025-07-23,2025-08-02,In Transit
1238,58,5,5470,848,2025-07-20,2025-07-25,Received
1239,23,4,546,559,2025-06-07,2025-06-20,Received
1240,87,3,4459,911,2024-03-26,2024-04-06,In Transit
1241,59,3,4321,198,2024-05-05,2024-05-14,Received
1242,72,1,2697,825,2026-02-09,2026-02-22,Received
1243,91,1,3158,169,2025-09-04,2025-09-10,Received
1244,59,3,1456,704,2025-04-05,2025-04-18,Received
1245,83,4,5865,984,2024-03-14,2024-03-18,Received
1246,19,2,4466,568,2024-05-25,2024-06-06,In Transit
1247,84,5,3726,720,2025-08-03,2025-08-11,Received
1248,5,3,1198,93,2025-06-15,2025-06-17,Received
1249,62,4,1550,853,2025-09-10,2025-09-12,Received
1250,56,3,4775,76,2025-01-05,2025-01-11,Received
1251,17,5,5442,722,2024-12-24,2024-12-31,Received
1252,4,5,6009,219,2024-06-04,2024-06-16,In Transit
1253,54,5,1423,161,2025-05-16,2025-05-18,Received
1254,6,2,2570,427,2024-09-14,2024-09-17,Received
1255,70,3,4152,903,2025-01-19,2025-01-29,Received
1256,79,1,3996,264,2024-02-29,2024-03-04,Received
1257,27,4,3140,461,2025-02-08,2025-02-14,Received
1258,52,3,4246,349,2024-07-01,2024-07-04,Received
1259,57,2,2238,751,2024-08-15,2024-08-18,Received
1260,1,5,1711,501,2024-12-25,2025-01-01,In Transit
1261,11,4,5718,454,2025-06-21,2025-06-28,Received
1262,44,4,1381,123,2024-07-22,2024-08-01,Received
1263,23,2,4430,841,2025-04-28,2025-04-30,Received
1264,69,4,5274,508,2024-03-26,2024-04-06,Received
1265,1,2,3213,941,2025-11-16,2025-11-25,Received
1266,45,2,624,346,2025-09-26,2025-10-07,Received
1267,19,5,3320,643,2025-06-18,2025-06-24,Received
1268,76,3,3676,143,2025-10-29,2025-11-04,Received
1269,82,3,4313,666,2025-05-31,2025-06-06,Received
1270,19,2,2441,708,2025-05-07,2025-05-11,Received
1271,72,5,4772,720,2024-07-02,2024-07-06,Delayed
1272,19,3,1137,287,2024-12-03,2024-12-10,Received
1273,69,1,2803,658,2026-01-01,2026-01-04,Received
1274,21,2,2222,890,2025-07-17,2025-07-20,Received
1275,13,1,4132,272,2024-09-21,2024-09-29,Received
1276,84,3,625,172,2025-08-05,2025-08-07,Received
1277,41,3,1082,940,2024-09-30,2024-10-04,Received
1278,68,1,4184,484,2024-10-15,2024-10-28,Received
1279,51,1,3146,53,2025-12-25,2026-01-06,In Transit
1280,61,5,4434,379,2025-06-15,2025-06-21,Received
1281,44,5,677,810,2024-11-07,2024-11-17,Received
1282,60,1,3484,873,2025-01-22,2025-01-28,In Transit
1283,71,1,1607,845,2024-09-14,2024-09-21,Received
1284,58,2,3684,629,2025-04-21,2025-05-04,Received
1285,48,1,2365,599,2024-12-03,2024-12-13,Received
1286,81,4,3499,96,2025-02-15,2025-02-27,Received
1287,61,5,5535,169,2024-03-10,2024-03-20,Received
1288,39,4,844,111,2024-05-02,2024-05-15,Received
1289,47,3,1132,825,2025-07-18,2025-07-26,Received
1290,54,5,278,750,2025-10-06,2025-10-11,Received
1291,11,3,5852,628,2025-06-13,2025-06-21,Received
1292,36,1,2856,610,2024-05-08,2024-05-21,Received
1293,26,2,2489,542,2025-11-15,2025-11-28,In Transit
1294,79,4,5604,323,2025-01-21,2025-02-02,Received
1295,44,1,2499,404,2025-02-19,2025-03-04,Received
1296,56,1,5792,103,2024-04-15,2024-04-17,Received
1297,1,2,974,197,2025-05-04,2025-05-10,Received
1298,28,5,4682,130,2024-11-13,2024-11-17,Received
1299,85,3,1751,894,2026-01-29,2026-02-03,In Transit
1300,73,3,738,790,2024-11-09,2024-11-22,Received
1301,26,4,2522,83,2025-05-31,2025-06-12,Delayed
1302,23,2,1831,62,2024-07-07,2024-07-19,Received
1303,3,5,1098,896,2025-04-18,2025-04-28,Received
1304,58,2,3676,945,2025-03-16,2025-03-27,Received
1305,32,1,2713,455,2024-08-25,2024-09-06,Received
1306,37,1,1486,332,2025-07-25,2025-08-06,Received
1307,57,4,3387,638,2025-02-01,2025-02-06,Received
1308,25,4,3254,72,2024-12-10,2024-12-13,Received
1309,89,2,2187,799,2025-05-20,2025-05-23,Delayed
1310,50,3,2828,55,2026-01-16,2026-01-27,In Transit
1311,3,2,2903,592,2025-08-24,2025-09-01,Received
1312,3,2,398,939,2024-08-23,2024-08-28,In Transit
1313,71,4,2002,704,2024-03-24,2024-03-31,Received
1314,33,2,2998,828,2024-04-29,2024-05-03,Received
1315,83,5,5014,294,2024-12-01,2024-12-07,Received
1316,56,5,5188,572,2024-11-22,2024-11-30,Received
1317,11,1,4598,486,2024-07-12,2024-07-22,Received
1318,28,4,4289,500,2025-02-18,2025-03-03,Received
1319,67,2,2270,297,2025-12-24,2025-12-28,Received
1320,83,3,1966,428,2024-11-18,2024-12-01,Delayed
1321,21,3,3794,87,2025-02-09,2025-02-19,Received
1322,65,1,2342,636,2024-12-13,2024-12-18,Received
1323,37,5,2522,307,2024-08-17,2024-08-24,Received
1324,7,2,5461,942,2025-06-28,2025-07-02,Received
1325,26,4,1278,662,2025-09-17,2025-09-19,Received
1326,20,1,1284,692,2025-03-23,2025-04-01,Received
1327,42,4,4815,942,2025-08-12,2025-08-15,Received
1328,54,1,4551,281,2024-10-18,2024-10-30,Received
1329,63,3,5711,924,2025-11-03,2025-11-05,Received
1330,81,1,2370,352,2025-12-09,2025-12-22,Received
1331,39,2,1271,945,2025-02-01,2025-02-04,Received
1332,60,3,423,697,2025-05-09,2025-05-12,Received
1333,82,4,263,486,2025-01-30,2025-02-04,Received
1334,89,5,5243,172,2024-08-02,2024-08-08,Received
1335,18,1,481,668,2025-09-08,2025-09-11,Received
1336,67,5,752,372,2025-03-21,2025-03-28,Received
1337,39,1,3698,741,2026-01-09,2026-01-12,Received
1338,26,2,549,800,2024-07-11,2024-07-20,Received
1339,32,1,3313,781,2025-10-28,2025-11-05,Received
1340,29,2,2689,899,2025-11-25,2025-11-30,Received
1341,7,4,2203,913,2025-03-23,2025-03-25,In Transit
1342,91,2,252,766,2025-12-06,2025-12-15,Received
1343,13,2,3005,88,2024-04-29,2024-05-06,Received
1344,69,1,5008,150,2025-03-13,2025-03-17,Received
1345,12,5,226,336,2025-05-22,2025-06-04,Received
1346,21,4,3317,209,2024-09-07,2024-09-09,Received
1347,43,1,2664,730,2024-07-27,2024-07-31,Received
1348,76,5,5707,686,2024-12-12,2024-12-21,Delayed
1349,75,1,5189,158,2026-02-15,2026-02-21,Received
1350,2,5,1685,361,2024-12-20,2024-12-28,In Transit
1351,16,2,955,582,2025-12-10,2025-12-22,Received
1352,14,1,2121,964,2024-04-04,2024-04-06,Received
1353,51,2,2234,188,2025-03-20,2025-03-24,Received
1354,77,1,2046,811,2024-08-13,2024-08-15,In Transit
1355,78,1,3882,283,2024-09-28,2024-10-09,Received
1356,88,5,5211,479,2025-04-26,2025-05-06,Received
1357,42,1,2002,409,2025-04-14,2025-04-26,Received
1358,22,5,1590,213,2024-12-02,2024-12-11,Received
1359,1,3,962,788,2025-08-07,2025-08-13,Received
1360,60,3,1525,965,2024-04-03,2024-04-09,Received
1361,60,5,2611,114,2026-02-19,2026-02-25,Received
1362,73,1,383,583,2025-01-15,2025-01-26,Received
1363,65,4,3930,826,2025-03-12,2025-03-17,Received
1364,85,1,955,737,2024-08-29,2024-09-08,Received
1365,45,3,2543,934,2024-06-09,2024-06-20,Received
1366,42,3,3403,158,2025-04-16,2025-04-25,Received
1367,64,4,3117,350,2026-01-17,2026-01-24,Received
1368,80,4,4887,522,2024-12-11,2024-12-22,Received
1369,43,5,1855,726,2024-03-07,2024-03-14,Received
1370,76,2,1834,979,2025-07-27,2025-08-07,Received
1371,9,5,5935,424,2024-09-07,2024-09-10,Received
1372,38,3,3767,106,2025-05-14,2025-05-16,Received
1373,42,4,873,877,2024-09-13,2024-09-19,In Transit
1374,80,5,2038,412,2025-02-05,2025-02-13,Received
1375,22,3,203,64,2025-07-05,2025-07-15,Received
1376,44,5,4275,514,2024-12-05,2024-12-13,Received
1377,60,3,1435,105,2025-05-30,2025-06-08,Received
1378,5,2,4203,189,2025-06-08,2025-06-11,Received
1379,69,4,5967,933,2025-01-25,2025-01-27,Delayed
1380,14,2,4681,882,2025-01-20,2025-01-30,Received
1381,65,1,5689,443,2024-06-02,2024-06-07,Received
1382,22,1,4910,717,2026-02-01,2026-02-03,Received
1383,88,3,3293,947,2024-09-24,2024-10-03,Received
1384,76,3,3704,221,2025-07-27,2025-08-05,Received
1385,56,2,6036,429,2025-12-18,2025-12-21,Received
1386,61,4,161,808,2025-11-30,2025-12-07,In Transit
1387,79,5,1783,987,2024-10-12,2024-10-16,Received
1388,50,5,1788,986,2025-10-07,2025-10-12,Received
1389,29,1,174,290,2026-02-01,2026-02-07,Received
1390,76,3,1519,370,2025-07-16,2025-07-26,In Transit
1391,38,4,2927,993,2024-06-06,2024-06-14,Delayed
1392,44,3,669,846,2026-01-19,2026-02-01,In Transit
1393,43,4,3426,82,2025-07-09,2025-07-21,Received
1394,34,3,3854,754,2024-08-27,2024-08-29,Received
1395,80,5,4166,569,2026-02-11,2026-02-16,Received
1396,28,1,2717,850,2024-05-06,2024-05-08,Received
1397,5,3,5210,905,2025-03-24,2025-04-02,In Transit
1398,2,4,76,288,2024-05-09,2024-05-19,In Transit
1399,20,1,2078,558,2025-05-26,2025-06-06,Received
1400,42,4,3095,53,2026-02-19,2026-02-21,Delayed
1401,12,1,3127,960,2024-08-12,2024-08-24,Received
1402,3,5,3200,72,2025-03-22,2025-03-27,Received
1403,66,5,5817,51,2024-12-17,2024-12-24,Received
1404,58,3,2318,771,2024-11-16,2024-11-29,Received
1405,68,4,3212,606,2025-04-17,2025-04-24,Received
1406,56,3,3659,584,2024-07-12,2024-07-24,Received
1407,75,3,4530,532,2024-03-06,2024-03-13,Received
1408,20,1,582,492,2024-09-30,2024-10-09,Delayed
1409,50,1,2840,310,2025-09-06,2025-09-17,Received
1410,38,3,3360,408,2025-06-27,2025-07-06,In Transit
1411,29,4,4388,657,2025-11-21,2025-11-28,Received
1412,30,2,1032,700,2025-09-23,2025-09-29,Received
1413,15,1,4336,719,2025-04-21,2025-04-27,Delayed
1414,21,3,5741,297,2024-05-01,2024-05-03,Received
1415,20,4,5571,239,2025-04-01,2025-04-11,Received
1416,70,4,5692,664,2024-10-23,2024-10-29,Received
1417,10,3,5972,964,2024-08-28,2024-09-03,In Transit
1418,32,1,3134,118,2025-06-15,2025-06-26,Received
1419,24,4,1720,587,2025-11-22,2025-12-02,Received
1420,91,5,289,271,2025-02-01,2025-02-03,Received
1421,74,5,4329,401,2024-04-06,2024-04-10,Received
1422,20,4,5516,683,2025-08-02,2025-08-07,Received
1423,84,1,118,486,2024-08-07,2024-08-15,Received
1424,72,3,1119,340,2025-12-27,2026-01-01,Received
1425,50,5,2882,105,2025-11-01,2025-11-09,Received
1426,34,1,1779,199,2025-07-17,2025-07-27,Received
1427,46,4,370,104,2024-12-13,2024-12-24,Received
1428,82,5,976,704,2025-10-14,2025-10-16,Received
1429,10,3,3208,810,2025-11-25,2025-11-27,Received
1430,10,1,3586,149,2025-05-19,2025-05-28,Received
1431,65,1,2958,396,2024-03-15,2024-03-20,Received
1432,88,2,5692,843,2024-10-08,2024-10-20,Received
1433,76,4,3995,606,2025-02-05,2025-02-13,Received
1434,74,4,2308,307,2024-09-19,2024-09-28,Received
1435,67,1,5103,566,2024-09-05,2024-09-13,Received
1436,86,5,3509,291,2025-03-24,2025-03-28,Received
1437,33,3,4329,288,2025-09-23,2025-09-28,Received
1438,80,1,5781,155,2025-11-05,2025-11-11,Delayed
1439,82,1,596,172,2026-01-06,2026-01-16,Received
1440,46,5,3719,958,2025-01-29,2025-02-01,Received
1441,2,3,4622,380,2024-06-08,2024-06-20,Received
1442,19,5,198,81,2024-06-14,2024-06-26,Received
1443,74,3,4614,69,2025-05-21,2025-05-27,Received
1444,45,3,2178,359,2025-01-03,2025-01-11,Received
1445,23,2,5593,879,2025-11-14,2025-11-17,Received
1446,35,2,4284,520,2024-03-25,2024-04-01,Received
1447,49,4,4225,359,2025-05-10,2025-05-18,Received
1448,2,5,848,181,2024-04-05,2024-04-14,Received
1449,38,1,760,517,2024-09-05,2024-09-07,Received
1450,20,2,4785,847,2025-09-09,2025-09-17,Received
1451,8,5,182,63,2025-02-17,2025-02-21,Received
1452,8,2,4523,801,2024-10-29,2024-11-03,Received
1453,20,5,1993,638,2024-12-19,2024-12-24,Received
1454,67,2,897,746,2024-08-29,2024-09-06,In Transit
1455,81,4,959,913,2025-01-15,2025-01-22,Received
1456,1,4,3208,337,2025-01-07,2025-01-20,Received
1457,90,1,652,866,2024-10-06,2024-10-19,Received
1458,20,4,2661,143,2025-02-05,2025-02-13,In Transit
1459,56,4,4931,495,2025-05-29,2025-06-07,Received
1460,53,5,2609,421,2025-03-15,2025-03-23,Received
1461,38,2,5126,556,2024-11-21,2024-12-02,Received
1462,41,1,5647,388,2024-07-19,2024-07-30,In Transit
1463,73,5,4069,688,2025-11-10,2025-11-16,Received
1464,35,3,3525,84,2025-06-12,2025-06-22,Delayed
1465,27,2,3655,767,2024-12-01,2024-12-07,Received
1466,49,5,2551,870,2024-05-03,2024-05-11,Received
1467,15,1,3619,215,2025-06-27,2025-07-08,Received
1468,24,2,1342,900,2025-11-10,2025-11-14,Received
1469,75,3,1573,841,2025-08-31,2025-09-12,Received
1470,24,5,4450,141,2024-07-04,2024-07-08,Received
1471,26,4,203,914,2025-03-17,2025-03-23,Delayed
1472,72,1,5342,287,2025-03-23,2025-04-05,Received
1473,44,2,5175,653,2024-07-14,2024-07-25,Received
1474,68,2,626,969,2024-05-26,2024-05-30,Received
1475,82,1,3355,157,2025-05-16,2025-05-21,In Transit
1476,20,4,4648,619,2025-05-02,2025-05-12,In Transit
1477,75,1,5515,518,2025-05-01,2025-05-04,Received
1478,83,2,3525,508,2024-07-27,2024-08-06,Received
1479,46,4,1901,402,2025-03-07,2025-03-20,Received
1480,80,4,1861,352,2024-09-30,2024-10-02,Received
1481,1,2,900,308,2025-01-26,2025-01-31,Received
1482,11,1,84,517,2025-12-16,2025-12-21,Received
1483,87,5,3768,503,2025-05-21,2025-06-01,Received
1484,35,4,1769,177,2024-06-25,2024-07-01,Received
1485,60,5,4619,343,2026-02-11,2026-02-17,Received
1486,74,3,2046,716,2024-07-02,2024-07-12,Received
1487,25,2,3340,969,2024-03-17,2024-03-25,Received
1488,63,1,2219,805,2026-01-02,2026-01-11,Received
1489,66,2,5706,396,2026-02-09,2026-02-20,Received
1490,34,1,1950,247,2024-08-28,2024-09-04,Received
1491,14,1,3976,68,2025-10-17,2025-10-26,In Transit
1492,55,4,4509,355,2024-06-22,2024-07-01,Received
1493,45,5,1122,748,2024-08-08,2024-08-13,Received
1494,48,3,5254,787,2024-09-23,2024-10-05,Received
1495,91,5,4462,422,2025-04-19,2025-04-28,Received
1496,23,3,4454,305,2025-12-03,2025-12-16,Received
1497,75,3,930,280,2025-07-03,2025-07-15,Received
1498,82,4,2784,961,2024-03-22,2024-03-24,Delayed
1499,9,4,1262,507,2025-02-03,2025-02-15,Received
1500,35,3,1778,196,2026-02-11,2026-02-14,Received
1501,55,4,3816,374,2025-06-26,2025-07-05,Received
1502,53,4,2274,427,2025-07-21,2025-07-25,Received
1503,12,5,4016,721,2024-04-06,2024-04-14,In Transit
1504,45,4,888,556,2024-11-16,2024-11-29,Received
1505,43,4,2671,188,2025-01-03,2025-01-09,Received
1506,46,4,3763,629,2025-06-12,2025-06-25,Received
1507,14,2,1239,633,2024-05-03,2024-05-15,In Transit
1508,3,3,419,569,2025-08-31,2025-09-02,Received
1509,78,5,483,344,2025-02-27,2025-03-05,In Transit
1510,1,2,1629,299,2025-03-13,2025-03-23,Received
1511,29,5,4817,863,2025-10-03,2025-10-08,In Transit
1512,24,4,4357,740,2024-11-08,2024-11-17,Delayed
1513,32,1,4385,997,2024-10-14,2024-10-27,Received
1514,12,5,1482,301,2025-06-16,2025-06-22,Received
1515,58,3,4636,435,2025-07-19,2025-07-22,In Transit
1516,10,3,2569,930,2024-06-07,2024-06-12,Received
1517,45,2,3194,104,2025-06-12,2025-06-24,In Transit
1518,89,4,1547,446,2025-10-04,2025-10-16,Received
1519,57,5,4155,658,2024-09-13,2024-09-24,Received
1520,43,5,3672,352,2025-01-10,2025-01-21,In Transit
1521,59,5,2607,214,2025-02-11,2025-02-16,In Transit
1522,81,2,3395,80,2024-09-26,2024-10-03,Received
1523,32,5,1860,439,2025-09-15,2025-09-25,Delayed
1524,83,2,2541,592,2025-02-15,2025-02-28,In Transit
1525,70,2,3308,255,2025-02-19,2025-02-21,In Transit
1526,32,2,365,166,2025-04-23,2025-05-06,Delayed
1527,38,4,2982,936,2025-12-14,2025-12-26,Received
1528,88,1,4994,75,2025-01-30,2025-02-02,Received
1529,37,5,2294,455,2025-02-13,2025-02-17,Received
1530,59,3,6022,290,2024-08-30,2024-09-03,Received
1531,62,1,1957,512,2024-04-22,2024-05-05,Received
1532,13,1,3190,911,2025-07-16,2025-07-22,Received
1533,77,1,9,871,2024-05-09,2024-05-20,Received
1534,9,2,783,880,2025-06-10,2025-06-20,Received
1535,53,3,1960,448,2024-03-18,2024-03-25,Received
1536,66,3,4015,250,2025-01-01,2025-01-05,Received
1537,48,4,3289,265,2024-07-22,2024-08-02,Delayed
1538,4,5,5632,204,2025-10-07,2025-10-18,Received
1539,11,4,3531,876,2025-09-24,2025-09-27,Received
1540,80,2,5767,361,2024-03-26,2024-03-31,Received
1541,38,2,5037,616,2024-11-13,2024-11-21,Received
1542,26,5,4274,905,2025-06-08,2025-06-18,Received
1543,21,1,3176,409,2025-05-19,2025-05-28,In Transit
1544,21,4,3757,197,2026-01-03,2026-01-15,Received
1545,6,3,319,961,2024-10-15,2024-10-20,Received
1546,23,2,2614,258,2025-07-17,2025-07-23,Received
1547,28,3,5057,122,2024-12-21,2024-12-29,Received
1548,50,3,3537,678,2025-12-08,2025-12-18,In Transit
1549,3,5,2124,705,2025-12-18,2025-12-31,In Transit
1550,41,1,1214,400,2024-06-24,2024-06-29,Received
1551,61,4,5799,311,2025-07-31,2025-08-13,Received
1552,4,5,2040,86,2024-09-09,2024-09-21,Received
1553,66,1,4740,819,2025-10-14,2025-10-23,Received
1554,73,3,3162,452,2025-12-28,2026-01-08,Delayed
1555,58,1,297,190,2025-05-01,2025-05-10,Received
1556,30,4,4301,916,2026-01-17,2026-01-30,Received
1557,55,2,5247,338,2026-01-10,2026-01-18,Received
1558,64,5,1603,267,2024-07-28,2024-08-01,Delayed
1559,52,2,1106,526,2024-06-21,2024-06-24,Received
1560,26,5,5968,684,2025-08-18,2025-08-20,Received
1561,20,1,5036,504,2024-12-22,2025-01-03,In Transit
1562,17,5,3419,210,2025-05-13,2025-05-18,Received
1563,62,3,1962,795,2024-03-11,2024-03-21,In Transit
1564,1,5,4025,67,2024-02-26,2024-03-03,Received
1565,18,4,400,401,2025-10-31,2025-11-10,Received
1566,55,4,4022,920,2026-01-07,2026-01-18,Received
1567,5,2,1570,224,2024-03-08,2024-03-16,Received
1568,38,1,533,144,2025-12-25,2026-01-04,Received
1569,21,4,3227,359,2024-09-27,2024-09-30,In Transit
1570,22,3,5647,606,2025-04-21,2025-04-25,Received
1571,54,5,2106,218,2024-11-27,2024-12-03,Received
1572,12,4,849,646,2025-09-28,2025-10-03,Received
1573,38,2,4899,299,2025-01-05,2025-01-12,Received
1574,33,3,5396,516,2025-07-09,2025-07-20,In Transit
1575,14,3,4552,821,2025-09-06,2025-09-08,In Transit
1576,81,3,1619,926,2026-01-22,2026-01-31,Received
1577,8,2,2765,393,2026-01-07,2026-01-11,Received
1578,75,1,4352,638,2024-08-24,2024-09-05,In Transit
1579,34,5,5490,754,2024-04-28,2024-05-06,Received
1580,21,2,6023,401,2024-12-28,2025-01-10,Received
1581,86,2,1870,658,2024-09-24,2024-09-28,Received
1582,54,5,146,256,2026-01-14,2026-01-21,Received
1583,71,4,47,61,2026-02-25,2026-02-28,Received
1584,28,4,4060,904,2024-07-28,2024-08-10,Received
1585,13,4,5427,124,2025-01-03,2025-01-12,Received
1586,55,3,2021,341,2025-05-14,2025-05-26,Received
1587,82,5,6035,376,2024-03-18,2024-03-20,In Transit
1588,51,2,2895,280,2025-03-03,2025-03-11,Received
1589,30,1,5741,58,2025-09-25,2025-10-01,Received
1590,44,1,1012,701,2025-08-29,2025-09-10,Received
1591,77,5,2198,987,2025-08-22,2025-08-24,Received
1592,73,2,395,507,2025-06-06,2025-06-09,Received
1593,50,1,3993,508,2025-08-09,2025-08-13,Received
1594,86,4,2591,456,2025-03-12,2025-03-25,Received
1595,35,1,2796,808,2024-07-26,2024-08-06,Received
1596,34,1,1635,940,2024-09-30,2024-10-05,Received
1597,16,4,5022,336,2024-04-28,2024-05-04,Received
1598,47,1,4375,803,2024-05-22,2024-06-04,Received
1599,68,2,615,296,2025-05-21,2025-05-25,Received
1600,29,2,1880,213,2025-04-05,2025-04-14,In Transit
1601,27,3,5983,626,2024-06-21,2024-07-03,Received
1602,67,1,3861,437,2024-05-15,2024-05-18,Received
1603,28,4,1472,516,2025-01-21,2025-01-30,Received
1604,19,3,4667,456,2025-09-14,2025-09-18,In Transit
1605,87,4,1878,513,2024-11-12,2024-11-14,Received
1606,81,5,1458,615,2024-11-14,2024-11-23,Received
1607,29,5,3946,326,2025-11-07,2025-11-18,Received
1608,42,1,3746,521,2025-02-03,2025-02-06,Received
1609,35,3,559,854,2024-06-25,2024-07-08,Received
1610,38,1,1622,79,2024-11-02,2024-11-07,Received
1611,2,2,4508,589,2025-02-10,2025-02-23,Received
1612,14,5,1087,795,2024-09-26,2024-10-07,Delayed
1613,4,4,5372,852,2025-01-13,2025-01-22,Delayed
1614,80,1,4032,647,2026-02-09,2026-02-13,Received
1615,71,5,3998,963,2025-10-08,2025-10-18,In Transit
1616,17,2,4090,351,2024-06-22,2024-07-05,Received
1617,26,3,5855,883,2024-03-27,2024-04-01,In Transit
1618,1,1,1114,515,2025-08-20,2025-08-30,In Transit
1619,43,3,4677,382,2025-03-10,2025-03-18,Received
1620,30,2,5248,133,2024-03-26,2024-03-31,Received
1621,38,5,1701,631,2025-06-03,2025-06-07,Received
1622,54,5,17,868,2024-11-26,2024-12-05,Received
1623,58,4,635,941,2024-11-03,2024-11-15,Received
1624,19,4,141,953,2025-01-06,2025-01-19,Received
1625,85,2,4217,326,2024-07-03,2024-07-14,Received
1626,55,3,3455,310,2024-09-22,2024-09-24,Received
1627,74,5,2578,477,2024-03-26,2024-03-31,Delayed
1628,3,4,4354,446,2025-07-17,2025-07-27,Received
1629,64,5,4222,89,2024-10-28,2024-11-06,Received
1630,7,2,1339,577,2024-02-26,2024-03-10,Received
1631,57,5,3786,545,2026-01-23,2026-01-27,Received
1632,4,4,2489,942,2024-02-29,2024-03-13,Received
1633,57,4,1029,186,2024-11-25,2024-11-27,Received
1634,35,4,3184,203,2025-07-12,2025-07-17,Received
1635,25,3,522,215,2025-04-25,2025-04-27,In Transit
1636,7,5,151,681,2024-07-31,2024-08-12,Received
1637,9,3,3342,373,2025-02-12,2025-02-17,Received
1638,84,2,5160,662,2025-09-13,2025-09-24,Received
1639,65,5,1147,552,2024-10-02,2024-10-07,In Transit
1640,59,4,3882,417,2025-08-04,2025-08-11,Received
1641,69,2,4656,191,2024-04-16,2024-04-18,Received
1642,75,1,857,282,2025-12-25,2025-12-27,Received
1643,5,4,4641,278,2025-01-24,2025-02-04,Received
1644,27,2,2726,110,2025-04-28,2025-05-07,Received
1645,81,5,1156,821,2024-11-26,2024-12-09,Received
1646,78,3,276,667,2024-06-06,2024-06-08,Received
1647,72,4,2673,446,2024-06-22,2024-07-02,Delayed
1648,75,1,1761,806,2025-06-10,2025-06-18,In Transit
1649,26,5,3714,409,2025-03-09,2025-03-14,Received
1650,26,1,2696,339,2025-02-27,2025-03-04,Received
1651,17,4,4172,800,2025-07-04,2025-07-13,Received
1652,27,1,2001,633,2025-11-22,2025-11-25,Received
1653,49,1,1853,711,2024-06-15,2024-06-22,Received
1654,28,4,1599,358,2024-09-18,2024-09-21,Received
1655,22,3,5526,472,2024-03-13,2024-03-19,Received
1656,78,3,1692,761,2024-06-10,2024-06-20,Received
1657,65,2,3883,493,2025-12-18,2025-12-29,Received
1658,56,3,463,716,2024-05-17,2024-05-19,Received
1659,75,1,1858,343,2024-07-05,2024-07-07,In Transit
1660,67,4,4201,226,2024-09-03,2024-09-09,Received
1661,76,3,3411,768,2025-01-26,2025-02-03,Received
1662,43,2,1097,732,2025-07-24,2025-08-02,Received
1663,73,2,6,749,2025-05-18,2025-05-20,Received
1664,34,1,2079,825,2026-02-14,2026-02-19,Received
1665,48,1,2111,644,2026-01-21,2026-01-25,Received
1666,46,2,3408,272,2024-12-22,2024-12-24,Received
1667,77,3,3737,264,2026-02-09,2026-02-11,Received
1668,29,3,2640,380,2024-02-28,2024-03-11,Received
1669,67,5,1287,421,2024-04-07,2024-04-14,In Transit
1670,25,1,2074,107,2025-07-16,2025-07-28,Received
1671,55,2,3006,816,2025-08-06,2025-08-10,Received
1672,58,5,3350,297,2026-02-25,2026-03-01,Received
1673,88,2,4946,867,2024-05-14,2024-05-22,Received
1674,34,1,952,706,2024-09-23,2024-09-26,Received
1675,4,5,593,565,2024-04-19,2024-04-26,Received
1676,40,1,4300,687,2025-06-24,2025-06-28,Received
1677,43,4,2828,243,2025-07-21,2025-07-30,Received
1678,44,2,3746,979,2025-04-27,2025-05-08,Received
1679,50,3,5917,307,2026-02-13,2026-02-22,Received
1680,18,5,2306,841,2025-02-21,2025-02-25,Received
1681,29,1,4967,844,2025-09-28,2025-10-11,Received
1682,7,3,1528,224,2025-11-15,2025-11-24,Received
1683,39,3,4986,73,2024-11-01,2024-11-14,Received
1684,14,3,2063,384,2025-12-18,2025-12-26,In Transit
1685,58,1,3525,552,2026-02-22,2026-03-01,Received
1686,31,2,4454,679,2024-09-01,2024-09-04,Received
1687,46,2,5137,59,2026-02-08,2026-02-20,Received
1688,38,5,3127,529,2025-11-01,2025-11-04,Received
1689,51,3,1579,741,2025-11-13,2025-11-16,In Transit
1690,49,4,3864,120,2026-01-24,2026-02-02,In Transit
1691,29,4,2245,564,2024-08-23,2024-09-02,In Transit
1692,23,4,1351,568,2024-11-20,2024-11-23,Received
1693,38,3,194,166,2024-10-22,2024-10-29,In Transit
1694,41,2,2954,740,2025-12-05,2025-12-12,Delayed
1695,46,2,3429,713,2024-04-26,2024-05-03,In Transit
1696,59,1,2968,141,2024-09-17,2024-09-21,Received
1697,78,3,201,267,2024-06-02,2024-06-10,Received
1698,67,3,91,844,2024-10-26,2024-10-31,Received
1699,72,3,5320,459,2024-04-12,2024-04-25,Received
1700,11,5,4368,375,2025-08-01,2025-08-13,Received
1701,21,2,550,50,2024-10-15,2024-10-18,Received
1702,45,1,813,937,2025-04-30,2025-05-11,Received
1703,58,3,2474,244,2026-02-23,2026-03-03,Received
1704,78,1,345,55,2025-03-14,2025-03-24,Received
1705,87,2,2244,208,2026-01-26,2026-01-31,In Transit
1706,15,5,818,168,2025-11-22,2025-11-30,Received
1707,65,4,4441,82,2024-07-04,2024-07-10,Received
1708,1,4,2738,902,2025-02-03,2025-02-14,In Transit
1709,73,5,4520,979,2025-08-26,2025-09-07,Delayed
1710,6,3,1801,804,2025-07-05,2025-07-08,In Transit
1711,63,3,3247,388,2024-08-27,2024-09-03,Received
1712,84,4,5272,289,2025-11-07,2025-11-13,Received
1713,91,2,4919,112,2025-08-29,2025-09-03,Received
1714,13,3,1748,407,2025-04-03,2025-04-07,Received
1715,32,5,5862,691,2024-10-12,2024-10-25,In Transit
1716,56,4,5634,637,2024-07-11,2024-07-23,In Transit
1717,29,5,3235,512,2025-02-14,2025-02-22,Received
1718,18,3,1095,672,2025-10-08,2025-10-17,Received
1719,37,1,5549,509,2025-03-13,2025-03-17,Received
1720,63,5,1179,902,2024-09-09,2024-09-18,Received
1721,7,5,2871,648,2025-03-20,2025-03-30,Received
1722,87,5,1111,797,2026-01-27,2026-02-06,Received
1723,15,5,3454,199,2024-04-12,2024-04-21,Received
1724,34,4,1656,507,2024-06-05,2024-06-16,Received
1725,5,4,2921,286,2025-03-28,2025-04-01,Received
1726,13,2,4555,750,2026-02-02,2026-02-06,Received
1727,33,3,3717,497,2024-05-29,2024-06-06,Received
1728,15,4,5821,118,2025-07-03,2025-07-08,Received
1729,61,2,5816,302,2024-07-05,2024-07-09,Delayed
1730,43,5,268,917,2025-12-02,2025-12-05,In Transit
1731,59,4,4709,162,2024-05-12,2024-05-20,Received
1732,44,1,4849,771,2024-12-28,2025-01-08,Received
1733,84,3,4996,392,2025-07-24,2025-07-29,Received
1734,63,5,685,691,2025-01-17,2025-01-26,Received
1735,48,2,5683,322,2024-04-20,2024-04-30,Delayed
1736,79,1,648,531,2024-11-08,2024-11-17,Received
1737,60,5,2736,395,2026-02-16,2026-02-18,Received
1738,78,5,2634,581,2025-03-09,2025-03-20,Received
1739,82,4,3471,303,2025-04-15,2025-04-23,Received
1740,79,1,4141,864,2025-08-14,2025-08-21,Received
1741,3,3,2944,877,2024-12-20,2024-12-26,Received
1742,43,5,1016,435,2025-09-04,2025-09-13,Received
1743,58,4,4279,866,2025-03-04,2025-03-07,In Transit
1744,81,2,5268,163,2025-12-25,2026-01-03,Delayed
1745,61,4,3800,419,2024-12-16,2024-12-19,Received
1746,18,3,4563,666,2025-12-20,2025-12-27,In Transit
1747,69,5,3434,258,2026-02-07,2026-02-09,Received
1748,25,4,3519,440,2025-05-19,2025-05-25,Received
1749,16,5,917,612,2024-08-02,2024-08-06,Received
1750,89,2,5923,466,2024-09-11,2024-09-24,Received
1751,72,5,2799,550,2025-12-06,2025-12-13,In Transit
1752,75,2,4620,362,2024-07-10,2024-07-13,Received
1753,26,1,4163,331,2025-02-20,2025-02-25,In Transit
1754,73,2,5498,288,2024-11-07,2024-11-18,In Transit
1755,79,5,958,898,2025-10-14,2025-10-25,Received
1756,22,3,5565,364,2025-10-24,2025-10-28,Received
1757,23,1,3106,240,2024-08-16,2024-08-25,In Transit
1758,63,1,4145,861,2024-05-05,2024-05-15,Received
1759,61,4,1932,170,2025-11-28,2025-12-02,Received
1760,22,4,4723,243,2024-04-29,2024-05-05,Received
1761,12,5,2593,962,2025-01-25,2025-02-05,Received
1762,54,2,2185,801,2025-03-12,2025-03-20,In Transit
1763,69,5,832,254,2025-12-26,2025-12-31,Received
1764,86,1,4577,414,2024-09-29,2024-10-04,Received
1765,84,1,645,416,2025-08-05,2025-08-13,Received
1766,58,4,3514,607,2024-11-24,2024-11-29,Received
1767,8,3,738,592,2024-08-26,2024-08-28,In Transit
1768,80,4,3312,927,2025-07-22,2025-08-01,Received
1769,48,1,1252,52,2025-12-06,2025-12-12,Received
1770,18,5,1992,173,2025-10-28,2025-11-06,Received
1771,82,2,4016,68,2024-08-05,2024-08-12,Delayed
1772,6,2,2303,733,2026-01-03,2026-01-08,Received
1773,36,3,451,61,2025-03-28,2025-03-30,Received
1774,43,1,4861,837,2024-07-31,2024-08-08,Received
1775,47,4,3311,421,2025-09-10,2025-09-22,Received
1776,84,2,1996,471,2024-02-27,2024-03-02,In Transit
1777,9,3,3248,576,2024-10-08,2024-10-18,Received
1778,23,1,3712,949,2024-05-01,2024-05-08,Received
1779,61,4,356,587,2024-07-27,2024-08-06,Received
1780,36,2,1639,569,2025-09-14,2025-09-25,Received
1781,7,4,5957,79,2025-09-23,2025-09-28,Received
1782,33,4,2468,112,2024-08-25,2024-09-04,Received
1783,4,1,5910,850,2024-07-18,2024-07-25,Received
1784,35,4,2144,529,2025-02-08,2025-02-17,Received
1785,36,2,947,142,2025-08-18,2025-08-25,Received
1786,17,4,4157,939,2024-11-07,2024-11-14,Received
1787,46,1,3651,792,2025-08-16,2025-08-28,Received
1788,62,1,4706,201,2024-03-04,2024-03-12,Received
1789,2,1,1918,253,2024-05-22,2024-06-04,Received
1790,55,3,4361,149,2025-03-31,2025-04-02,Received
1791,83,4,5611,188,2025-10-02,2025-10-08,Received
1792,26,1,222,222,2025-08-22,2025-08-25,Received
1793,88,1,136,288,2024-03-11,2024-03-24,Received
1794,26,2,5730,389,2024-10-29,2024-11-11,In Transit
1795,18,3,3454,720,2024-05-03,2024-05-06,Received
1796,43,2,42,389,2024-04-21,2024-04-28,In Transit
1797,58,5,4795,912,2025-08-17,2025-08-23,Received
1798,82,2,5565,418,2024-04-09,2024-04-15,Received
1799,2,3,5354,149,2025-10-15,2025-10-22,In Transit
1800,31,5,5767,480,2024-11-06,2024-11-16,In Transit
1801,77,5,3108,457,2026-01-28,2026-01-31,Received
1802,41,3,729,68,2025-10-07,2025-10-17,Received
1803,55,1,5371,972,2024-05-27,2024-05-31,Received
1804,62,3,5752,200,2026-02-20,2026-02-28,Received
1805,31,1,5509,901,2024-07-09,2024-07-11,Received
1806,4,1,5699,276,2025-08-21,2025-08-31,Received
1807,10,2,3621,528,2024-07-16,2024-07-29,Received
1808,68,4,3725,516,2024-10-11,2024-10-23,Received
1809,59,5,1329,306,2024-06-25,2024-07-06,In Transit
1810,72,4,121,988,2024-11-11,2024-11-19,Received
1811,24,3,1769,746,2025-05-10,2025-05-23,In Transit
1812,59,2,3351,514,2025-11-28,2025-12-11,In Transit
1813,14,3,2737,168,2025-08-24,2025-09-04,Received
1814,68,2,1935,563,2025-12-27,2025-12-29,Received
1815,47,3,5119,202,2025-01-28,2025-02-07,Received
1816,42,1,399,503,2025-09-12,2025-09-14,In Transit
1817,38,2,171,666,2024-05-30,2024-06-07,Received
1818,11,5,5749,562,2025-11-12,2025-11-20,Received
1819,28,3,2050,725,2024-03-17,2024-03-24,Received
1820,80,5,4402,611,2025-03-17,2025-03-23,Received
1821,88,3,5713,670,2024-04-23,2024-05-04,Received
1822,48,4,1607,216,2025-03-09,2025-03-16,Received
1823,81,4,2566,411,2025-02-15,2025-02-28,In Transit
1824,86,2,5687,105,2024-05-01,2024-05-13,In Transit
1825,52,5,5782,580,2024-07-24,2024-08-06,Received
1826,72,5,3081,579,2025-09-08,2025-09-21,In Transit
1827,39,5,3915,85,2025-01-22,2025-01-28,Received
1828,16,3,2311,555,2024-08-07,2024-08-17,Received
1829,77,4,393,259,2024-05-27,2024-06-05,Received
1830,85,1,1251,724,2025-10-01,2025-10-11,Received
1831,75,5,91,649,2024-11-05,2024-11-07,Received
1832,70,4,5715,120,2025-03-21,2025-03-27,Received
1833,61,5,4224,787,2026-02-08,2026-02-13,Received
1834,10,3,218,799,2025-03-25,2025-03-30,Received
1835,51,3,5881,509,2025-02-22,2025-02-25,Received
1836,71,2,3673,721,2025-01-18,2025-01-27,Received
1837,14,3,5513,866,2025-05-08,2025-05-11,In Transit
1838,15,1,574,796,2025-05-22,2025-05-25,Received
1839,15,5,1314,322,2025-11-20,2025-11-22,In Transit
1840,79,3,1920,709,2025-04-21,2025-04-29,In Transit
1841,76,3,409,877,2025-06-13,2025-06-21,Received
1842,16,4,312,584,2024-12-16,2024-12-29,Received
1843,54,2,3650,80,2024-05-26,2024-06-07,Received
1844,12,1,757,102,2025-12-02,2025-12-04,Received
1845,11,1,3745,823,2024-07-17,2024-07-22,Received
1846,49,2,3273,379,2025-07-23,2025-07-27,Received
1847,72,5,248,782,2025-12-26,2025-12-31,In Transit
1848,9,4,2429,158,2024-04-26,2024-04-28,Received
1849,46,1,1718,551,2025-05-16,2025-05-24,Received
1850,16,3,5006,260,2024-06-29,2024-07-12,Received
1851,60,2,4846,617,2025-04-13,2025-04-17,Received
1852,11,1,793,557,2025-06-30,2025-07-11,Received
1853,87,1,2549,481,2024-06-30,2024-07-13,Received
1854,24,2,4357,107,2025-04-08,2025-04-21,Received
1855,69,2,297,554,2024-03-29,2024-04-05,Delayed
1856,44,4,241,807,2024-03-11,2024-03-21,Received
1857,32,2,3264,532,2025-06-30,2025-07-04,In Transit
1858,72,3,109,908,2025-09-22,2025-09-27,Received
1859,72,4,2490,713,2025-03-14,2025-03-26,Received
1860,28,2,2148,596,2025-04-25,2025-04-27,Received
1861,41,5,3964,298,2025-12-19,2025-12-29,In Transit
1862,23,3,4574,379,2025-02-12,2025-02-17,Received
1863,62,5,5235,429,2025-05-07,2025-05-10,Delayed
1864,80,2,941,957,2025-11-27,2025-12-09,Received
1865,40,4,4467,603,2024-03-24,2024-03-31,In Transit
1866,75,2,1320,216,2024-10-24,2024-11-04,Received
1867,33,1,5795,761,2025-07-09,2025-07-18,Received
1868,64,1,3072,717,2024-03-19,2024-03-23,Received
1869,65,4,5806,868,2025-05-26,2025-06-08,Received
1870,52,3,1515,901,2024-05-25,2024-06-03,Received
1871,24,5,5139,353,2024-11-10,2024-11-19,Received
1872,72,5,5922,550,2025-06-03,2025-06-15,Received
1873,84,3,1536,207,2025-03-06,2025-03-17,Received
1874,60,1,3862,379,2025-04-02,2025-04-14,Received
1875,70,4,5321,305,2025-06-01,2025-06-12,Received
1876,73,3,3369,847,2026-02-09,2026-02-20,Received
1877,91,1,5910,482,2025-01-13,2025-01-22,Received
1878,88,4,5333,59,2025-11-21,2025-12-04,In Transit
1879,24,4,2594,467,2025-08-05,2025-08-13,Received
1880,22,1,5103,728,2025-08-10,2025-08-15,Received
1881,28,5,1066,493,2025-06-14,2025-06-19,Received
1882,50,5,5176,337,2024-09-12,2024-09-23,Received
1883,89,1,382,913,2025-12-18,2025-12-25,Received
1884,33,4,4257,711,2025-07-06,2025-07-16,Received
1885,71,1,4733,698,2025-03-16,2025-03-28,Received
1886,22,3,647,74,2026-01-11,2026-01-22,In Transit
1887,74,4,3399,409,2024-08-01,2024-08-10,Received
1888,23,2,2243,301,2024-05-07,2024-05-11,Received
1889,7,1,4010,403,2025-11-08,2025-11-13,Received
1890,46,5,4394,115,2024-06-02,2024-06-04,In Transit
1891,13,5,4569,868,2024-07-15,2024-07-19,Received
1892,17,3,3506,554,2026-01-09,2026-01-20,Received
1893,89,3,1406,239,2024-06-09,2024-06-15,Received
1894,56,3,1895,931,2026-02-02,2026-02-15,Received
1895,15,2,2907,770,2025-01-15,2025-01-17,Received
1896,8,4,5067,583,2025-10-31,2025-11-10,Received
1897,68,5,2182,226,2025-06-22,2025-06-27,Delayed
1898,88,3,5569,827,2024-10-16,2024-10-27,In Transit
1899,50,4,1833,482,2025-05-03,2025-05-08,Received
1900,12,2,2169,823,2025-12-12,2025-12-15,Received
1901,15,1,4214,61,2025-03-17,2025-03-29,Received
1902,8,1,5554,616,2026-01-25,2026-02-06,Received
1903,10,1,1447,64,2024-12-02,2024-12-07,Received
1904,52,3,5331,514,2024-10-10,2024-10-12,Received
1905,90,3,5121,802,2025-07-14,2025-07-19,Received
1906,4,4,5618,668,2024-04-26,2024-05-06,Received
1907,28,4,4015,955,2025-09-17,2025-09-24,Received
1908,90,2,3072,806,2024-11-25,2024-12-07,Received
1909,21,2,372,491,2025-10-22,2025-10-26,Received
1910,8,2,5557,365,2024-03-04,2024-03-13,Delayed
1911,45,5,4157,479,2025-07-29,2025-08-11,Received
1912,65,4,1872,151,2025-09-17,2025-09-29,Received
1913,15,1,5561,235,2025-05-05,2025-05-15,Received
1914,78,5,4580,605,2024-12-11,2024-12-17,Received
1915,50,4,180,940,2025-10-31,2025-11-03,Received
1916,1,2,2950,330,2024-10-07,2024-10-13,Received
1917,74,5,691,974,2024-11-08,2024-11-19,Received
1918,76,1,422,927,2025-04-23,2025-05-01,Received
1919,89,4,5676,913,2024-09-30,2024-10-09,Received
1920,29,5,2904,595,2025-11-27,2025-12-07,Received
1921,12,5,3516,445,2025-02-09,2025-02-13,Received
1922,9,4,3202,76,2025-02-17,2025-03-02,Received
1923,51,3,3460,101,2024-11-30,2024-12-04,Received
1924,11,1,4378,52,2024-12-10,2024-12-14,Received
1925,24,3,5430,135,2025-10-01,2025-10-14,Delayed
1926,4,2,2932,726,2024-04-07,2024-04-10,In Transit
1927,56,3,5288,285,2024-12-30,2025-01-12,In Transit
1928,10,2,5898,170,2024-06-23,2024-06-25,Received
1929,81,2,3091,329,2024-04-30,2024-05-04,Received
1930,81,2,703,202,2024-04-12,2024-04-24,Received
1931,88,4,5914,186,2025-07-07,2025-07-10,Received
1932,63,4,5382,886,2024-03-28,2024-04-10,Received
1933,71,4,5187,858,2024-12-16,2024-12-23,Received
1934,91,5,1817,481,2025-08-16,2025-08-20,Received
1935,19,5,5126,257,2025-11-28,2025-12-05,Received
1936,79,2,2117,219,2025-01-05,2025-01-18,Received
1937,67,1,5010,521,2025-03-09,2025-03-17,In Transit
1938,45,4,3220,550,2025-04-28,2025-05-07,Received
1939,8,4,885,998,2024-11-23,2024-11-26,Received
1940,74,1,2551,715,2024-02-27,2024-03-10,Received
1941,45,2,2090,374,2025-09-22,2025-09-28,Received
1942,68,5,4744,539,2025-12-27,2026-01-09,Received
1943,37,5,2399,196,2025-03-23,2025-04-01,Received
1944,45,1,374,568,2025-05-24,2025-06-01,In Transit
1945,40,2,1035,928,2025-05-01,2025-05-12,Delayed
1946,70,5,2417,651,2025-05-28,2025-06-05,Received
1947,4,2,5259,410,2026-02-11,2026-02-17,Received
1948,13,4,5823,944,2025-08-04,2025-08-11,Received
1949,48,3,3500,202,2024-11-19,2024-11-25,Received
1950,4,5,1245,492,2025-11-12,2025-11-20,Received
1951,62,4,3290,459,2024-09-19,2024-09-22,Delayed
1952,12,3,1916,240,2024-05-24,2024-05-29,In Transit
1953,40,5,1617,365,2024-03-19,2024-03-29,Received
1954,22,1,1140,342,2024-07-28,2024-07-31,Received
1955,65,1,3819,762,2025-01-24,2025-01-27,Received
1956,14,3,1399,172,2025-12-17,2025-12-22,Received
1957,10,3,1781,683,2025-04-20,2025-05-02,In Transit
1958,50,2,974,982,2025-04-05,2025-04-10,Received
1959,3,1,1845,811,2024-05-24,2024-06-01,Received
1960,37,5,2202,249,2024-12-19,2024-12-29,Received
1961,48,4,413,386,2024-05-10,2024-05-14,In Transit
1962,71,5,355,970,2026-01-19,2026-01-22,Received
1963,18,5,2431,252,2024-09-22,2024-09-30,Received
1964,47,2,1791,434,2025-12-13,2025-12-15,Received
1965,87,1,3653,964,2025-09-30,2025-10-06,Received
1966,72,2,4736,709,2026-01-09,2026-01-15,Received
1967,19,5,3352,416,2025-11-11,2025-11-20,Received
1968,11,4,4030,764,2025-12-16,2025-12-27,Received
1969,86,2,4131,999,2024-09-30,2024-10-06,Received
1970,28,2,1994,174,2024-11-22,2024-11-26,Received
1971,22,2,4450,776,2024-09-01,2024-09-09,Received
1972,53,5,3258,327,2026-02-12,2026-02-25,In Transit
1973,48,4,5564,769,2024-10-30,2024-11-06,Received
1974,52,3,3134,661,2024-09-14,2024-09-23,Received
1975,71,3,1652,543,2025-11-01,2025-11-04,Received
1976,52,5,1917,737,2025-08-30,2025-09-04,In Transit
1977,26,4,362,590,2025-01-11,2025-01-14,Received
1978,39,5,2057,625,2025-08-04,2025-08-11,Received
1979,79,3,5471,539,2024-09-17,2024-09-22,Received
1980,7,5,1682,346,2025-09-07,2025-09-20,Received
1981,29,1,3734,813,2024-11-15,2024-11-28,Delayed
1982,22,5,1068,922,2025-02-11,2025-02-19,Received
1983,55,5,41,354,2025-07-25,2025-07-27,Received
1984,21,2,1215,162,2025-04-03,2025-04-11,Received
1985,47,3,5234,201,2025-10-01,2025-10-09,Received
1986,65,5,1157,496,2025-04-23,2025-05-01,Received
1987,23,1,155,512,2025-04-23,2025-05-06,In Transit
1988,73,3,6001,866,2024-09-30,2024-10-11,Received
1989,12,1,1401,202,2024-03-10,2024-03-14,Received
1990,48,5,4630,385,2024-11-05,2024-11-09,In Transit
1991,62,5,2904,514,2024-09-05,2024-09-14,Received
1992,84,5,4797,855,2024-05-08,2024-05-11,Received
1993,10,3,1232,109,2025-07-14,2025-07-18,Received
1994,3,5,4041,98,2024-07-08,2024-07-20,Received
1995,86,5,5658,394,2026-01-18,2026-01-27,Received
1996,57,1,3794,95,2025-04-22,2025-05-02,Received
1997,90,4,4680,502,2025-11-11,2025-11-20,In Transit
1998,33,5,618,750,2024-11-30,2024-12-11,In Transit
1999,7,1,5762,872,2025-09-19,2025-09-22,Received
2000,25,5,4537,555,2024-06-15,2024-06-24,Received
